id,lon,lat
89a901291abffff,-51.15824594660333,-30.05384602808788
89a9012a3cfffff,-51.21186667853149,-30.100576010026746
89a901295b7ffff,-51.16520638502679,-30.075442129471778
89a901284a3ffff,-51.20535429473797,-30.090045791232374
89a9012809bffff,-51.195753722189124,-30.07838729217851
89a901285cfffff,-51.21108189535614,-30.081237865277483
89a90e934d7ffff,-51.14707890526145,-30.003447817815264
89a90129b47ffff,-51.16527300598623,-30.001901077812914
89a90128a1bffff,-51.21170299010691,-30.021544248825958
89a90129977ffff,-51.19284068550209,-30.006497704065282
89a90128e27ffff,-51.22427745410829,-30.031572244049148
89a9012a2a3ffff,-51.2061390072645,-30.109379435479
89a9012b3b7ffff,-51.16598965746631,-30.094785105022627
89a901281dbffff,-51.20743346411892,-30.06629913495399
89a90e9341bffff,-51.14685527961858,-29.99791147841228
89a901290b7ffff,-51.14358538397091,-30.067571087535317
89a90128363ffff,-51.191321231158256,-30.04409620019262
89a9012a39bffff,-51.21815455559188,-30.1055833069944
89a901280cfffff,-51.189465453581846,-30.073378894431425
89a9012a237ffff,-51.20591477281148,-30.10385683275538
89a90129a03ffff,-51.15061488959061,-30.015640542488168
89a90129907ffff,-51.19604068519098,-30.01039159272838
89a90e9244bffff,-51.201655603707415,-29.998809090912044
89a90129a73ffff,-51.147414551532734,-30.011750060992558
89a90128ad7ffff,-51.2119273506676,-30.027075934696896
89a9012b133ffff,-51.18132050123578,-30.097639134060405
89a90129157ffff,-51.14611517963554,-30.05487532407773
89a9012852bffff,-51.2197846696673,-30.070791310072597
89a901286dbffff,-51.16576606288333,-30.08925790208963
89a9012a32bffff,-51.22056976288314,-30.090133940008823
89a90128c6bffff,-51.230676567322526,-30.039349345798406
89a9012834bffff,-51.18239304316509,-30.049018224365206
89a9012b383ffff,-51.157059235654295,-30.099705388908973
89a90128187ffff,-51.22253568385537,-30.063621241486945
89a9012a163ffff,-51.23612047690943,-30.098504163688467
89a90129833ffff,-51.17818506404551,-30.02024021763199
89a9012859bffff,-51.217369800321556,-30.086245218591397
89a90e9348bffff,-51.150055480160724,-30.001806495199254
89a9012848fffff,-51.199402152208634,-30.093326323286103
89a9012956bffff,-51.14656263880974,-30.065934367036167
89a9012aa83ffff,-51.24117323098862,-30.073122736902306
89a90129bb3ffff,-51.18071346229047,-30.007530176389288
89a9012aecbffff,-51.22972068967634,-30.09073643725393
89a90129c3bffff,-51.175880670762126,-30.038472907038603
89a90129d23ffff,-51.19968857724468,-30.02534431530044
89a90128113ffff,-51.21636032732244,-30.061375424903325
89a9012ae07ffff,-51.24162225132695,-30.0841723669291
89a90128687ffff,-51.18087260001955,-30.086589297807343
89a90129e8bffff,-51.15162138489088,-30.040533625838066
89a90129d0fffff,-51.19373687061575,-30.02862912360981
89a901298d7ffff,-51.16948036767297,-30.03069312724066
89a9012b063ffff,-51.15121712107894,-30.10574508998309
89a90129e67ffff,-51.151062011200175,-30.026704148051714
89a9012988fffff,-51.17543300299636,-30.02740941332855
89a90128543ffff,-51.20788162773128,-30.07735341817797
89a9012a307ffff,-51.22079380303083,-30.095656527043346
89a9012b11bffff,-51.17239090476067,-30.102555943210895
89a90128293ffff,-51.17722428625294,-30.071649728211735
89a90128257ffff,-51.16773523591877,-30.062745972472108
89a90129acbffff,-51.14168463417875,-30.020564338727574
89a9012b313ffff,-51.153858521220755,-30.095815121275002
89a901282c7ffff,-51.17093574497632,-30.066635923315502
89a90128043ffff,-51.18626530086124,-30.06948940070811
89a9012ae77ffff,-51.238422321643526,-30.080288668943254
89a9012866bffff,-51.168182868206486,-30.073804922563475
89a90128a8bffff,-51.214902590127686,-30.025437666815783
89a9012b1a3ffff,-51.18452104098568,-30.101524216756072
89a90128617ffff,-51.17767235424495,-30.082699603075007
89a90128007ffff,-51.198393522627526,-30.068456403157903
89a90128c2fffff,-51.242801278429575,-30.038312267721633
89a901282abffff,-51.179864782987124,-30.0617146831035
89a901283d3ffff,-51.18890517029805,-30.05955868659099
89a90129d93ffff,-51.197272975920605,-30.04081601809949
89a90129dc7ffff,-51.190985053964816,-30.03579863259171
89a90128e0fffff,-51.215351055724355,-30.036496502929662
89a9012a14fffff,-51.230169503359534,-30.10178608144892
89a9012ae5bffff,-51.226520685584156,-30.086852452593313
89a9012a377ffff,-51.21759398666339,-30.091772326951787
89a90129ed3ffff,-51.145667825306525,-30.04381626065696
89a9012884bffff,-51.22405304442038,-30.026040585413664
89a9012aa47ffff,-51.231686460783095,-30.064228125145707
89a90128437ffff,-51.205130144864114,-30.084518658288957
89a9012a167ffff,-51.239095810376014,-30.096860847813325
89a90129bb7ffff,-51.18368927714075,-30.00588809641473
89a9012992bffff,-51.195816601235926,-30.004859862480973
89a9012b347ffff,-51.14756897654009,-30.090804731128795
89a9012845bffff,-51.184073088330784,-30.09047439905121
89a9012913bffff,-51.155045373376225,-30.049955758648295
89a9012b32fffff,-51.159476661414,-30.0842480771056
89a90128077ffff,-51.19519351461447,-30.064571636435264
89a90129903ffff,-51.1930649413764,-30.012033950514912
89a90128433ffff,-51.20215396435872,-30.08616121015658
89a90128e63ffff,-51.212151413992984,-30.032607615935653
89a9012999bffff,-51.19340087600807,-30.02033154284784
89a9012ac4bffff,-51.24802156530975,-30.091939520554007
89a90128577ffff,-51.216808808747246,-30.07242968232008
89a90129973ffff,-51.189865004398776,-30.00813999020151
89a901291afffff,-51.16122254182032,-30.05220446229111
89a9012841bffff,-51.1932257865287,-30.09107943570272
89a90129587ffff,-51.15925280698203,-30.078720853591687
89a9012816bffff,-51.20984842241296,-30.050836333991654
89a90129d7bffff,-51.18756108098832,-30.026377422525133
89a90129dafffff,-51.20288848075972,-30.029238023817136
89a901299cfffff,-51.18711315043041,-30.01531395203572
89a90129cdbffff,-51.164199038654104,-30.05056282907847
89a901290b3ffff,-51.14060836159081,-30.06921225242298
89a901299a7ffff,-51.20519160532315,-30.01100034054682
89a90128473ffff,-51.19300165976155,-30.08555228087697
89a9012848bffff,-51.19642592874012,-30.094964232159196
89a9012917bffff,-51.145891486063995,-30.049343538796304
89a90129153ffff,-51.143138254002395,-30.056516548387183
89a90e934bbffff,-51.15600833549609,-29.99852364786682
89a90128ad3ffff,-51.20895169846657,-30.02871864813759
89a9012aadbffff,-51.22904750484215,-30.074159676444072
89a9012852fffff,-51.22276009793559,-30.069148358874354
89a90129b83ffff,-51.1747612138412,-30.010814134913243
89a9012b00fffff,-51.15441804714288,-30.10963090310908
89a901289d7ffff,-51.25436371662467,-30.02344958970905
89a901284a7ffff,-51.20833021353394,-30.088403168077754
89a90128507ffff,-51.2200089497264,-30.076318426815483
89a90128117ffff,-51.21933586621453,-30.059737061662844
89a90129b13ffff,-51.171561056632726,-30.00691972708563
89a9012b387ffff,-51.160036247092364,-30.098063857565048
89a90128abbffff,-51.22085340290278,-30.022151903873507
89a90129e4fffff,-51.142132085274056,-30.031627968165022
89a9012b1d7ffff,-51.172614901610295,-30.108083122132797
89a901298d3ffff,-51.16650422665307,-30.03233488274979
89a901282c3ffff,-51.167959204768025,-30.06827770599482
89a9012a3b3ffff,-51.227081814194754,-30.100663399831795
89a90128047ffff,-51.189241257143976,-30.067851717689926
89a90129d27ffff,-51.20266429221085,-30.023706322513398
89a90128403ffff,-51.19620194720005,-30.089441598623388
89a9012866fffff,-51.17115956965035,-30.072163135573863
89a90128c6fffff,-51.233651526042124,-30.037706145013537
89a9012910bffff,-51.14909200690274,-30.053234032300118
89a90128647ffff,-51.16840688233154,-30.0793321335912
89a90129a8fffff,-51.153815160707715,-30.01953545564902
89a90128547ffff,-51.21085745960297,-30.0757152483381
89a90128c47ffff,-51.23090073160018,-30.044880981003026
89a9012a14bffff,-51.227193863540855,-30.10342468330799
89a9012816fffff,-51.21282407964966,-30.049198115958028
89a90128d6fffff,-51.254476107700505,-30.026215391484353
89a90129943ffff,-51.183913347422575,-30.011424360695504
89a90128147ffff,-51.21007275632271,-30.056367998566685
89a90129c53ffff,-51.163975330996884,-30.04503558555971
89a901283bbffff,-51.20080929773364,-30.052998279772734
89a901298a3ffff,-51.18138525328947,-30.02412994234006
89a9012b2a7ffff,-51.145039438818806,-30.103495942249147
89a901299cbffff,-51.18413711189925,-30.016956108014522
89a90129d0bffff,-51.19076119387789,-30.030271426374746
89a90128003ffff,-51.19541770907986,-30.0700988048409
89a90128c2bffff,-51.23982613000164,-30.039955675143506
89a90129d97ffff,-51.2002488584254,-30.039173569747316
89a9012802bffff,-51.1981694913033,-30.062929238684095
89a901283d7ffff,-51.19188142635774,-30.05791642963856
89a9012b173ffff,-51.17216694225207,-30.09703327137564
89a9012b1a7ffff,-51.187497333842245,-30.099886577932534
89a90128ebbffff,-51.22163828730867,-30.041508208137156
89a90129513ffff,-51.15307565437867,-30.0764720702895
89a9012127bffff,-51.25475805579719,-30.107990117160288
89a90129873ffff,-51.169032801813756,-30.019629596579147
89a901288d7ffff,-51.23353938419169,-30.034944839990832
89a90129bdbffff,-51.16263262181798,-30.011844944471417
89a9012a35bffff,-51.20569056519415,-30.09833422488865
89a901285a7ffff,-51.229159573848165,-30.076920969253127
89a90129c83ffff,-51.176328436531215,-30.04953186796053
89a9012aa9bffff,-51.23819798058332,-30.07476159065643
89a90129dabffff,-51.19991260483811,-30.030876021038548
89a9012a373ffff,-51.21461811205261,-30.093410646584346
89a9012a3a7ffff,-51.22994523991555,-30.096259005546102
89a90129e37ffff,-51.16032751933381,-30.030081904771123
89a9012831bffff,-51.19165745968937,-30.0523892439743
89a90128573ffff,-51.213833183462945,-30.07407249897352
89a9012ae37ffff,-51.247572440925964,-30.080889928402737
89a90128a5bffff,-51.20255204593682,-30.02094047018012
89a90129dc3ffff,-51.18800911798506,-30.037440872453942
89a901298a7ffff,-51.184361227002,-30.022487849742944
89a9012aacfffff,-51.231910736364796,-30.069755224886862
89a90129cb7ffff,-51.18525729672962,-30.044610253925114
89a90129117ffff,-51.1552692459609,-30.055483014204714
89a9012b2b3ffff,-51.14217397782522,-30.107898494611295
89a9012a267ffff,-51.19665027026203,-30.100491372283066
89a9012992fffff,-51.19879208596259,-30.003217441867605
89a90128073ffff,-51.19221743070449,-30.066209454618527
89a901280a7ffff,-51.20754525649569,-30.0690649641885
89a90129b87ffff,-51.17773722516773,-30.009172189520697
89a90129a9bffff,-51.15095022096584,-30.023938248580173
89a901299b3ffff,-51.20232789754374,-30.01540876115326
89a9012ae8fffff,-51.24184680776999,-30.08969943029663
89a9012b15bffff,-51.16323694384594,-30.101949460418407
89a90129d57ffff,-51.187785086176554,-30.031909150059988
89a9012985bffff,-51.160103746712814,-30.024550124613132
89a90129b07ffff,-51.174425238698554,-30.00251196631797
89a90129d63ffff,-51.190537027677905,-30.0247397032296
89a90128467ffff,-51.195865853929796,-30.081153126709175
89a9012881bffff,-51.23331509962493,-30.029413201586582
89a90129e63ffff,-51.14808535944875,-30.028345488963684
89a901281abffff,-51.22231129676754,-30.058094118943078
89a90128393ffff,-51.19805732805247,-30.06016791088164
89a901288c7ffff,-51.23342723852424,-30.032179021434512
89a90129c93ffff,-51.17644063967142,-30.052297732719452
89a90128e57ffff,-51.20940016883926,-30.03977750110684
89a90129123ffff,-51.158022229858496,-30.04831426415716
89a90129517ffff,-51.15605236934943,-30.074835137472807
89a90129cc7ffff,-51.170152069054936,-30.047283872292493
89a9012a17bffff,-51.23314503413311,-30.100142900105258
89a90129bcbffff,-51.16252052917987,-30.0090790496851
89a901283c7ffff,-51.1917694440396,-30.055155093569727
89a90128893ffff,-51.23971412727411,-30.037189864441302
89a90129c57ffff,-51.166951892520224,-30.043393888827705
89a90e924d3ffff,-51.20816711694149,-30.009357709416054
89a90129a37ffff,-51.15954426830032,-30.010720651997648
89a9012acc3ffff,-51.254420908955225,-30.099706349553735
89a9012998fffff,-51.196264471770235,-30.015923318315462
89a90129e0fffff,-51.15128593545413,-30.032235942782847
89a9012a32fffff,-51.22354510626918,-30.088490974110126
89a90129d4bffff,-51.18160923397758,-30.029661683292403
89a90128013ffff,-51.195529811898595,-30.07286013100106
89a9012952bffff,-51.15571675289564,-30.066542022591396
89a90128643ffff,-51.16543023785633,-30.080969344808107
89a90129947ffff,-51.186889225039636,-30.0097822090827
89a901298bbffff,-51.1784091812701,-30.025771967628177
89a901293a7ffff,-51.142690891566446,-30.045452964631583
89a9012a277ffff,-51.1967621222532,-30.103252684797123
89a90128c3bffff,-51.23993845277887,-30.042716971725625
89a901284d3ffff,-51.1904735196882,-30.098244359488728
89a90129cabffff,-51.17908103581721,-30.042362675427842
89a901295b3ffff,-51.16222981099387,-30.07708378117773
89a9012aa53ffff,-51.22882305247459,-30.068632575304022
89a90129a1bffff,-51.14763823600312,-30.017281875311443
89a90129c6bffff,-51.16661613510787,-30.035100764256867
89a901294b3ffff,-51.14139134006006,-30.088559916705385
89a9012aa6fffff,-51.234437085645105,-30.057057804668748
89a9012ae33ffff,-51.244597400944755,-30.082533437372255
89a90129c87ffff,-51.17930493505229,-30.04789440532368
89a9012884fffff,-51.22702805186503,-30.024402044270673
89a901282dbffff,-51.16498255860942,-30.06991490901082
89a90129a07ffff,-51.15359144496442,-30.013999142272453
89a90128367ffff,-51.19429731034635,-30.042453886430422
89a90e9348fffff,-51.15303195690492,-30.000165105211988
89a90129c6fffff,-51.1695923566803,-30.033459006595525
89a90129547ffff,-51.14678608016883,-30.07146162508136
89a90129877ffff,-51.17200884654556,-30.01798778192385
89a9012a3a3ffff,-51.226969447275906,-30.097902115627466
89a90128037ffff,-51.20434551188307,-30.06517590907016
89a9012b2b7ffff,-51.14515115738932,-30.106257301292857
89a901288d3ffff,-51.23056417119797,-30.03658352682717
89a9012834fffff,-51.1853690932961,-30.04737611304122
89a9012a2a7ffff,-51.20911485097558,-30.107741309940586
89a901669a7ffff,-51.141125785020044,-30.006730260532905
89a90129e03ffff,-51.15139774537184,-30.03500183841464
89a9012ae9bffff,-51.23898376329322,-30.094099572868917
89a90129b03ffff,-51.1714493706386,-30.00415383792182
89a90129cc3ffff,-51.1671757688523,-30.048925640303825
89a9012a1a3ffff,-51.24858312134276,-30.105750353615278
89a90129e1bffff,-51.14842085183918,-30.036643185678503
89a90e934cbffff,-51.140902157637775,-30.00119391306855
89a901283a3ffff,-51.20378483601223,-30.05135575405088
89a9012995bffff,-51.180937371545475,-30.013066445026624
89a9012aecfffff,-51.23269622261837,-30.089093264443523
89a90128513ffff,-51.21714532650715,-30.08072261782922
89a9012a1bbffff,-51.245607670039476,-30.107389370533618
89a90129b9bffff,-51.1717851042761,-30.012456012998424
89a9012824bffff,-51.16155823887016,-30.060497580115776
89a90128e23ffff,-51.221301873581204,-30.033215235331433
89a9012ae03ffff,-51.238647014140945,-30.085815741474885
89a901285a3ffff,-51.226184344853195,-30.078564063447665
89a90129bcfffff,-51.165497015886714,-30.007437379626015
89a9012b353ffff,-51.14470399149039,-30.095207345589067
89a9012988bffff,-51.17245673449124,-30.029051303959086
89a9012a22bffff,-51.19973826329698,-30.101614769770915
89a9012a343ffff,-51.208666401449214,-30.096691595559022
89a90e924d7ffff,-51.21114253026115,-30.007715011081558
89a90128397ffff,-51.201033449992366,-30.058525447531835
89a90128613ffff,-51.174695770841666,-30.084341535309257
89a9012ae6bffff,-51.232247195232155,-30.078043608713
89a9012844fffff,-51.186937162307714,-30.086070929148725
89a90129acfffff,-51.14466148419985,-30.018923140729022
89a90128e0bffff,-51.212375504171334,-30.038139292020098
89a901280dbffff,-51.18660120586564,-30.077782426821383
89a90129a33ffff,-51.15656790212666,-30.012357674677666
89a90128897ffff,-51.24268887115265,-30.035546459905596
89a9012a273ffff,-51.19378620716429,-30.104890531956066
89a9012aacbffff,-51.228935432201595,-30.071393870126702
89a90128297ffff,-51.18020077303226,-30.070007736819374
89a901283afffff,-51.20367284691181,-30.048589914088854
89a9012817bffff,-51.20996058600755,-30.053602166923696
89a90128c53ffff,-51.22803783912949,-30.049285424281273
89a9012998bffff,-51.19328889113528,-30.017565680022393
89a9012aa6bffff,-51.231461888065404,-30.05870102081433
89a90128a8fffff,-51.217878045704566,-30.023794818944257
89a90129577ffff,-51.152739962641576,-30.068183461642803
89a90129e33ffff,-51.157350920555174,-30.031723454270836
89a9012952fffff,-51.15869345191568,-30.064905028327058
89a9012837bffff,-51.18834537771235,-30.04573844617185
89a901281afffff,-51.22528696320219,-30.056455620664664
89a90128e53ffff,-51.20642442056852,-30.041420155711858
89a90e926d7ffff,-51.18952908689938,-29.999842372472077
89a9012a317ffff,-51.22090599537278,-30.09841781835692
89a9012827bffff,-51.16751130112378,-30.057218746063345
89a901282afffff,-51.18284093778105,-30.060077143100255
89a9012a06bffff,-51.21220288474046,-30.108864412009375
89a901282b7ffff,-51.186041292205836,-30.063962214441748
89a90129abbffff,-51.1567914549925,-30.017893984186507
89a90129d33ffff,-51.19980074974993,-30.028110168566794
89a9012ae13ffff,-51.238759040872594,-30.088577020289083
89a901298cfffff,-51.16628010544699,-30.02680311629879
89a9012aa73ffff,-51.23466149504483,-30.062584905017612
89a90129eafffff,-51.160439253462904,-30.032847793125914
89a90128e8fffff,-51.218663015343786,-30.04315113788071
89a90129e77ffff,-51.15117413209585,-30.029470045871154
89a90128267ffff,-51.17346429443797,-30.05393964197153
89a9012aa03ffff,-51.23786136316066,-30.06647321994457
89a90129a6bffff,-51.144214133020704,-30.007854986613594
89a9012810bffff,-51.213160498376084,-30.057491092456907
89a9012a1abffff,-51.245495427964364,-30.10462810663609
89a90129ad3ffff,-51.14488503373578,-30.024454954150094
89a90129d1bffff,-51.19087311627188,-30.033032773996208
89a90128517ffff,-51.22012109487395,-30.079079727144634
89a9012851bffff,-51.2140574656267,-30.079599624175426
89a9012aa5bffff,-51.22573543787472,-30.067509852651188
89a9012aac3ffff,-51.232022879043555,-30.072516516712614
89a901286afffff,-51.18362490948425,-30.079420049040216
89a90129a67ffff,-51.15027929314685,-30.00734282525201
89a9012b10fffff,-51.17525552685142,-30.098157245166195
89a9012b143ffff,-51.166213602797406,-30.100312302419262
89a90129897ffff,-51.178633000924414,-30.03130371292871
89a90128607ffff,-51.17756008610817,-30.079938264668098
89a90129e07ffff,-51.15437422348067,-30.03336493636932
89a90128193ffff,-51.219672210536686,-30.068025494196924
89a90129d8bffff,-51.19407324936313,-30.036926692320062
89a90129a4fffff,-51.141349432148125,-30.012262090594643
89a9012ae67ffff,-51.23831031525736,-30.077527386258186
89a90128373ffff,-51.19143319550674,-30.04686205364474
89a90128177ffff,-51.21602396075525,-30.05308697456739
89a9012a157ffff,-51.23336947526187,-30.105665454095902
89a90129a83ffff,-51.15392702495021,-30.0223013542775
89a90128123ffff,-51.222086936661505,-30.052566991243488
89a90129163ffff,-51.14886848292305,-30.04770676313742
89a90129827ffff,-51.18104933203075,-30.01583232128083
89a90129ecbffff,-51.14246741814277,-30.039925677167272
89a90e926dbffff,-51.18346524174272,-30.00035633927195
89a90128a0fffff,-51.21456614216164,-30.017140142274435
89a90129b37ffff,-51.18037733640124,-29.999232532661665
89a90128b4fffff,-51.22624290565979,-30.0050367008693
89a9012aebbffff,-51.24482178301656,-30.08805598453697
89a90e9349bffff,-51.1501675419876,-30.004572404538035
89a9012844bffff,-51.18396095673784,-30.08771306969916
89a9012a38bffff,-51.21804243031037,-30.102822016002424
89a90128a97ffff,-51.22107762476786,-30.027683572182088
89a901284b3ffff,-51.20546637507184,-30.092807099666985
89a901281cbffff,-51.20732136362786,-30.063537817174595
89a90129ddbffff,-51.185033083630195,-30.039083045005498
89a901285dbffff,-51.208218059375206,-30.085641860586925
89a901295afffff,-51.16200582160271,-30.071556556827947
89a90129a13ffff,-51.15072666016237,-30.018406445798302
89a901299d7ffff,-51.190312888131416,-30.019207974942237
89a90129ba3ffff,-51.18060119767838,-30.004764296726727
89a90129b57ffff,-51.16538484936543,-30.004671485706425
89a901291b3ffff,-51.16144644620917,-30.05773621682091
89a90129967ffff,-51.1927287339445,-30.00373183481072
89a90128e37ffff,-51.22438934495855,-30.034338071983985
89a9012ae83ffff,-51.24195892854924,-30.092460704239485
89a90129503ffff,-51.15296375287561,-30.07371070609892
89a9012aed7ffff,-51.235895891168305,-30.09297709690584
89a9012982bffff,-51.17498511708118,-30.01634589951734
89a90e924a3ffff,-51.223043534697666,-30.00114805769396
89a9012803bffff,-51.19828167023209,-30.06569507743593
89a90129a63ffff,-51.147302550433274,-30.00897963981164
89a90128e1bffff,-51.212487721404,-30.040905127867426
89a90128587ffff,-51.22332093208854,-30.082968386436292
89a90128ea3ffff,-51.22461379513637,-30.03986972287674
89a90129e23ffff,-51.157238949469225,-30.028957562892902
89a901280a3ffff,-51.20456956791031,-30.07070306002748
89a90129c0fffff,-51.172904404178915,-30.040114805891637
89a901299bbffff,-51.19924027816317,-30.014280888875557
89a9012b03bffff,-51.15739507489088,-30.107989433261995
89a90128443ffff,-51.18704937447041,-30.088832256309093
89a90e934c7ffff,-51.14696725449626,-30.000681904718192
89a90128d63ffff,-51.254588181504836,-30.02898119259199
89a90128337ffff,-51.203560873732215,-30.045828585084507
89a9012ae4fffff,-51.22938406681001,-30.08244806265329
89a9012b3cbffff,-51.14481569698799,-30.09797322068886
89a901291d3ffff,-51.1464506004146,-30.06316848033396
89a9012808bffff,-51.19564160601805,-30.07562596858732
89a901286c7ffff,-51.171719081095226,-30.085978887884
89a90128ccbffff,-51.2281498576881,-30.05205124092411
89a90129573ffff,-51.14976306715889,-30.06982032098235
89a90129ec7ffff,-51.1485329118371,-30.039409081780178
89a90129113ffff,-51.152292454105684,-30.057124445130263
89a90129d3bffff,-51.196712773106135,-30.026986753090636
89a9012a353ffff,-51.208778591949006,-30.09945741011149
89a90129da3ffff,-51.203000413823595,-30.031999360532957
89a9012810fffff,-51.21613596488924,-30.055848288732644
89a90128263ffff,-51.17048784305785,-30.055576971592302
89a90128e8bffff,-51.21568763514935,-30.044789488161634
89a90128537ffff,-51.225960039966786,-30.07303696035047
89a9012828bffff,-51.174024018182216,-30.067759934166478
89a90128acbffff,-51.20575190912218,-30.02482959954817
89a9012869bffff,-51.17491952522378,-30.089868725716798
89a9012987bffff,-51.165944459286386,-30.018505456392443
89a9012a18fffff,-51.242632455609424,-30.109032831788213
89a90128e6fffff,-51.212039216922015,-30.02984177622167
89a90129d53ffff,-51.18480921287491,-30.033551318238565
89a90e92683ffff,-51.1955925351058,-29.999323614811264
89a9012980bffff,-51.16914476439357,-30.022395481063853
89a9012aac7ffff,-51.23499816530215,-30.070877801969523
89a9012822fffff,-51.17952885269397,-30.053421617835472
89a90128173ffff,-51.213048240796574,-30.05472526434162
89a901299d3ffff,-51.1873371024098,-30.02084568985012
89a9012aa07ffff,-51.240836361300275,-30.06482986084765
89a9012a1afffff,-51.24847079875433,-30.102989092026483
89a901299b7ffff,-51.20530358788308,-30.013766195022832
89a9012994fffff,-51.18380131311711,-30.008658485336266
89a901286a7ffff,-51.18671339804577,-30.080543757831734
89a90129917ffff,-51.1961527371743,-30.013157455923285
89a90129167ffff,-51.15184505066345,-30.04606540814069
89a90129b8fffff,-51.17464943416327,-30.00804825047192
89a90129c4bffff,-51.16077514360175,-30.04114544971134
89a9012a153ffff,-51.230394107779574,-30.10730863942401
89a90128e33ffff,-51.22141400809679,-30.035981064971164
89a90128463ffff,-51.19288961077247,-30.08279095764739
89a9012815bffff,-51.2041211584401,-30.05964875347062
89a90129b3bffff,-51.17431347885794,-29.99974607802711
89a90128e87ffff,-51.22175076619656,-30.044274033361773
89a90129d8fffff,-51.1970490692319,-30.03528431566444
89a90128603ffff,-51.17458390755,-30.081580194295785
89a9012842fffff,-51.20193000248795,-30.080634067623375
89a9012ae63ffff,-51.23533488592188,-30.07916617508357
89a9012aa77ffff,-51.237636765728304,-30.060946129332663
89a90128a43ffff,-51.20552789714403,-30.01929789960733
89a90128407ffff,-51.19917800049239,-30.087799181958474
89a9012849bffff,-51.19653810061681,-30.09773005897018
89a9012862bffff,-51.17733621022586,-30.074411070901803
89a90128377ffff,-51.19440935524565,-30.045219737683098
89a90129b53ffff,-51.16240876716614,-30.006313153217583
89a901294a3ffff,-51.14127941727878,-30.08579403473537
89a9012ae4bffff,-51.22640866649408,-30.084086649172956
89a90129b7bffff,-51.16516117667616,-29.999135180921698
89a9012b3cfffff,-51.14779286021281,-30.09633196579628
89a901285d7ffff,-51.21428177470889,-30.08512674422426
89a9012842bffff,-51.19895388457834,-30.08227654770723
89a9012993bffff,-51.19592863987864,-30.007625728247575
89a9012a367ffff,-51.217481895061155,-30.089011029521878
89a90129843ffff,-51.16308008610123,-30.02290851200565
89a9012b147ffff,-51.16919048007553,-30.09867056431277
89a90129913ffff,-51.19317691292515,-30.014799815911378
89a9012856fffff,-51.21360892820698,-30.068545368619276
89a901281cfffff,-51.21029710758244,-30.061895145752704
89a901285bbffff,-51.22320868284727,-30.080202578727345
89a9012126bffff,-51.25464555856357,-30.105228862793805
89a90128ea7ffff,-51.22758919445957,-30.038226658165257
89a9012a38fffff,-51.22101819446161,-30.101179108382677
89a90129db7ffff,-51.20608830142106,-30.033127139295402
89a901286c3ffff,-51.16874262502292,-30.087620684822113
89a90129cafffff,-51.18205694264829,-30.04072063797845
89a9012835bffff,-51.18250508996648,-30.05178408392428
89a90129c27ffff,-51.181833241223806,-30.03519341910747
89a90128333ffff,-51.20058516313498,-30.04746659462571
89a9012980fffff,-51.17212088962923,-30.02075366425093
89a90e934c3ffff,-51.14399065543196,-30.002318645557448
89a90128ccfffff,-51.23112523662162,-30.05040809823806
89a90128447ffff,-51.19002557065311,-30.087194558393584
89a90129027ffff,-51.14016122364547,-30.05815319296318
89a901291b7ffff,-51.164423104322424,-30.05609457931899
89a90129e0bffff,-51.14830912252795,-30.033877287931343
89a9012b12bffff,-51.178120212202685,-30.09375397008071
89a90128533ffff,-51.22298453901883,-30.074675471104527
89a901288c3ffff,-51.2304521059671,-30.033817705996356
89a9012b1cfffff,-51.16941428898115,-30.104197752686176
89a901298cbffff,-51.16330401981871,-30.028440287883484
89a9012855bffff,-51.20490570684802,-30.078996032925144
89a90128acfffff,-51.20872749879316,-30.0231869577995
89a9012914fffff,-51.14291472177848,-30.050984758891854
89a9012953bffff,-51.155828728902094,-30.06930789945112
89a90129e27ffff,-51.16021546768298,-30.027316015530005
89a9012a1c7ffff,-51.236569384063976,-30.109549257950135
89a9012b073ffff,-51.151329014204705,-30.10850644223555
89a90128247ffff,-51.16762326901839,-30.05998461603077
89a90129c0bffff,-51.16992803153732,-30.041752125124862
89a9012a027ffff,-51.227418306860585,-30.108947245833253
89a9012888bffff,-51.236514488284904,-30.03330157374281
89a9012acd3ffff,-51.25453339251327,-30.102467606505922
89a9012a3c3ffff,-51.21197862921848,-30.103337308082025
89a9012828fffff,-51.17700044212047,-30.066118014512462
89a90129c4fffff,-51.163751642273986,-30.039503824660656
89a90129b8bffff,-51.17167308102981,-30.009690126823497
89a901286b3ffff,-51.18384882345431,-30.08494722684083
89a90128387ffff,-51.20092120386866,-30.055759608423163
89a90128c43ffff,-51.22792550316521,-30.0465196069091
89a9012b397ffff,-51.16014805136731,-30.100825205086075
89a9012a107ffff,-51.24240780392314,-30.103505786508258
89a9012a3abffff,-51.22388191478126,-30.096779357338267
89a90128323ffff,-51.20047294379684,-30.044700750368037
89a901283cfffff,-51.1886813646833,-30.054031496538748
89a90e924dbffff,-51.205079305417165,-30.008234485288664
89a9012919bffff,-51.15251619177302,-30.06265169982334
89a9012823bffff,-51.176664417494926,-30.05782945925453
89a9012862fffff,-51.180312777544145,-30.07276907733506
89a901280b7ffff,-51.20765737039049,-30.07182627939608
89a90129da7ffff,-51.205975947880546,-30.030361294339095
89a90129c13ffff,-51.17312827088065,-30.045642036905218
89a9012994bffff,-51.180825409507854,-30.010296055212816
89a90129d2fffff,-51.19957641142928,-30.022578460747084
89a90129a17ffff,-51.1537032960721,-30.01676504346286
89a9012aa17ffff,-51.24094875611659,-30.067595658033312
89a9012a363ffff,-51.21450610098033,-30.09064934690778
89a9012889bffff,-51.23662672114919,-30.036067388727204
89a9012b337ffff,-51.162677220408966,-30.088138215307943
89a9012ac5bffff,-51.248133860626,-30.094700787311506
89a9012aad7ffff,-51.23511039517259,-30.07363909022578
89a9012856bffff,-51.21063336540532,-30.070188113508735
89a9012868fffff,-51.17778431281333,-30.08546545286377
89a90129db3ffff,-51.203112362763775,-30.03476520821862
89a90129c23ffff,-51.17885683898957,-30.036830940835934
89a90128c1bffff,-51.23410051704004,-30.048764888349545
89a9012b04fffff,-51.14526288910822,-30.109023171275684
89a9012a20bffff,-51.1938979940245,-30.107656357595562
89a90e924cbffff,-51.204967326966994,-30.005464115965733
89a9012802fffff,-51.20114537861457,-30.061291285848316
89a90129cd3ffff,-51.16728739275316,-30.051691514530162
89a9012b31bffff,-51.15076993174271,-30.094695155596984
89a90e934d3ffff,-51.14410223220501,-30.00508907304671
89a90129037ffff,-51.14027308096755,-30.060919087721444
89a9012830fffff,-51.19452140682082,-30.047985587649215
89a90129b43ffff,-51.162296680365024,-30.003542743583992
89a90128057ffff,-51.1893535098527,-30.070613050353373
89a901291c7ffff,-51.14931556386096,-30.05876580859997
89a9012a3b7ffff,-51.23005736302758,-30.09902028804246
89a90129563ffff,-51.149651265942325,-30.067058950834554
89a90129e73ffff,-51.14819739976521,-30.03111138890478
89a90129837ffff,-51.181161299148954,-30.018598196251205
89a9012ae17ffff,-51.24173435851496,-30.086933643454586
89a90128383ffff,-51.19794548670312,-30.057402069068406
89a9012a233ffff,-51.20293866751625,-30.105494886978782
89a9012954bffff,-51.14072024508248,-30.071978142066005
89a9012b17bffff,-51.1690784272276,-30.09590922452129
89a90129e17ffff,-51.15448612055958,-30.036130828596438
89a9012a06fffff,-51.215178926746546,-30.10722163680515
89a9012a1b7ffff,-51.2516705596981,-30.106872528057476
89a90128edbffff,-51.20664853973688,-30.046951835051665
89a9012a33bffff,-51.22068194174433,-30.09289523389742
89a90e924cfffff,-51.20794268708562,-30.00382600156121
89a90e93413ffff,-51.149943748902444,-29.99904058421197
89a9012b3dbffff,-51.144927402457874,-30.100734582286403
89a90128c7bffff,-51.23078864608076,-30.042115164046407
89a90128327ffff,-51.203448898013775,-30.043062742549044
89a9012888fffff,-51.23948949392589,-30.031658240340082
89a901280b3ffff,-51.20468161061565,-30.07346888968941
89a90129c17ffff,-51.17610470646408,-30.044004645975235
89a901283cbffff,-51.185705162809434,-30.05566916952083
89a9012a13bffff,-51.24229565596708,-30.100744517727602
89a90128457ffff,-51.1901375457552,-30.089955882538817
89a9012ae73ffff,-51.235447136129096,-30.081927459470077
89a90128a7bffff,-51.208391249574746,-30.014889412632662
89a90129ebbffff,-51.15757455834663,-30.037255233571756
89a9012aa13ffff,-51.23797334243091,-30.069234507790863
89a90128e93ffff,-51.21888716066414,-30.04867828039696
89a90128657ffff,-51.168518895493804,-30.08209348106757
89a901285cbffff,-51.208105911928385,-30.082880551810373
89a9012a103ffff,-51.23943265188867,-30.10514917591821
89a90128127ffff,-51.225062431979765,-30.050923985255466
89a9012b137ffff,-51.1842970555368,-30.0960015665785
89a90129893ffff,-51.17565698569268,-30.032941162534083
89a901282b3ffff,-51.183065082922,-30.065604338418286
89a90128853ffff,-51.22725261210084,-30.029929186125507
89a90128183ffff,-51.21956009234766,-30.06526418871596
89a90129a77ffff,-51.15039104405887,-30.01010873240019
89a90129c73ffff,-51.16981635453351,-30.03899076145679
89a901299c3ffff,-51.187225285129315,-30.01807982135478
89a901295abffff,-51.159029303157475,-30.073193624563785
89a90129ba7ffff,-51.18357725612243,-30.003122218485316
89a90128e7bffff,-51.20917592497457,-30.03425033332292
89a9012830bffff,-51.19154515783729,-30.04962339356478
89a90128253ffff,-51.16475875859367,-30.064387683425995
89a90129ed7ffff,-51.148644654258256,-30.04217497696795
89a90129107ffff,-51.155157309898165,-30.052721643192477
89a90129d2bffff,-51.196600687757105,-30.024220896326305
89a90128527ffff,-51.22584773041609,-30.07027115103478
89a90128857ffff,-51.23022768210383,-30.028290573278113
89a9012808fffff,-51.19861758068639,-30.073983562489115
89a90129c77ffff,-51.172792638897704,-30.037348932120313
89a9012a20fffff,-51.19687430527109,-30.106013995541073
89a9012b2afffff,-51.14195037787365,-30.102371259166777
89a901284b7ffff,-51.20844238387054,-30.091168986495642
89a9012863bffff,-51.17744814887701,-30.077176924541774
89a90128a93ffff,-51.218102430813886,-30.02932649121309
89a901299abffff,-51.199128139084905,-30.011515029175555
89a90129cbbffff,-51.179192982117165,-30.045128541017903
89a90129d47ffff,-51.187673242306985,-30.029143286703995
89a90128583ffff,-51.22034541538565,-30.084606836155267
89a9012a26bffff,-51.19058584578812,-30.101005678028727
89a9012aad3ffff,-51.232135039019276,-30.075282319466396
89a90128e97ffff,-51.22186292768705,-30.047039857842158
89a90128cdbffff,-51.22826219683706,-30.054812543481233
89a90129ad7ffff,-51.14786194667191,-30.02281368451383
89a90129c5bffff,-51.16088690406446,-30.043911332940784
89a9012850bffff,-51.213945478455074,-30.076833805844107
89a901286b7ffff,-51.186825281090506,-30.083309600244412
89a90128053ffff,-51.18637715727768,-30.072255248261087
89a90129963ffff,-51.18975280923127,-30.00537411922116
89a9012981bffff,-51.169256733580546,-30.025161364266143
89a901291c3ffff,-51.14633889279346,-30.060402591990517
89a90128adbffff,-51.20586392515316,-30.027595447587423
89a9012aed3ffff,-51.2329206201105,-30.094620340956514
89a90129507ffff,-51.15594038017892,-30.072069263174477
89a9012b067ffff,-51.15419441023397,-30.104103691543337
89a90129cd7ffff,-51.170264097741615,-30.050049743951462
89a9012843bffff,-51.19906610133498,-30.085037865229417
89a9012b34fffff,-51.144480282415444,-30.08968010413447
89a9012b3d3ffff,-51.14801644582352,-30.10185919571168
89a9012990bffff,-51.18997688218722,-30.010905860364264
89a90128847ffff,-51.230115637143314,-30.02552474857591
89a90129c8fffff,-51.176216572182064,-30.046770513734767
89a9012aeafffff,-51.24768470899134,-30.083651200327434
89a90128a17ffff,-51.2177660252872,-30.02102898060751
89a90129993ffff,-51.19648860908566,-30.021455038275597
89a90128097ffff,-51.201817711909705,-30.07787275103703
89a90128a87ffff,-51.220965510467465,-30.02491773867266
89a90129817ffff,-51.17532085954064,-30.024643537016523
89a90128e43ffff,-51.206312371039495,-30.03865431410981
89a9012a147ffff,-51.23325725130856,-30.102904177745387
89a901291a7ffff,-51.164310906093554,-30.053328705042574
89a9012ae7bffff,-51.23235968248117,-30.080804896097582
89a90e934dbffff,-51.14101396487134,-30.00395983129609
89a90128203ffff,-51.173800045553236,-30.062232723669783
89a9012954fffff,-51.143697348198835,-30.070336975072323
89a9012a23bffff,-51.1998505269191,-30.104376078296202
89a90129d9bffff,-51.19418527212162,-30.039688033891355
89a90128a6fffff,-51.21125467361992,-30.010480861102604
89a90129173ffff,-51.14898023826082,-30.050468142230056
89a9012a397ffff,-51.22421844961467,-30.10506321731475
89a9012a1b3ffff,-51.248695450750965,-30.108511613912146
89a9012832fffff,-51.20036106438173,-30.04193941657795
89a90129e13ffff,-51.151509561850325,-30.03776773276641
89a901299c7ffff,-51.19020099038066,-30.016442108636305
89a90128c4fffff,-51.22781349812005,-30.0437537876839
89a90129ca3ffff,-51.18216896950732,-30.04348650139221
89a901295bbffff,-51.15914105539065,-30.07595949583567
89a9012aa4fffff,-51.22859862716682,-30.063105469003514
89a9012a12fffff,-51.24515874257888,-30.096344307195935
89a90e924b3ffff,-51.22315567548269,-30.00391389926638
89a90129923ffff,-51.19890420500409,-30.005983305426515
89a90129ac3ffff,-51.14477341773748,-30.02168904790065
89a90129dcfffff,-51.18789726081303,-30.03467501166817
89a90129b4bffff,-51.159208588183226,-30.002418440851955
89a90128cd3ffff,-51.23134976871469,-30.05593521031285
89a9012a30fffff,-51.21770608499757,-30.094533623094684
89a90128027ffff,-51.20423317433545,-30.062414588282394
89a90129103ffff,-51.15218059167094,-30.0543585597393
89a9012868bffff,-51.17480764075179,-30.087102875042063
89a90129887ffff,-51.17852108778362,-30.028537840920293
89a901283b3ffff,-51.20389715599252,-30.054121592222447
89a9012accfffff,-51.254308756559794,-30.096945090680983
89a9012986fffff,-51.16880889647031,-30.01409782376294
89a9012861bffff,-51.171607298400026,-30.083217544707242
89a90129e6bffff,-51.144996980363665,-30.0272208587639
89a90128667ffff,-51.17424801731339,-30.07328713953395
89a90129d43ffff,-51.18469712540999,-30.030785453155467
89a9012a327ffff,-51.226633025442545,-30.08961374195415
89a90129aabffff,-51.15667951679114,-30.015128086405085
89a9012ae0bffff,-51.23555940380893,-30.084693254776113
89a901298dbffff,-51.163415834515135,-30.03120617410107
89a90e92693ffff,-51.19570456040711,-30.002089483151092
89a90129edbffff,-51.14257931689294,-30.042691577493283
89a90128523ffff,-51.22287232015717,-30.071914171745053
89a9012850fffff,-51.21692119404443,-30.075195499162817
89a901282cbffff,-51.16487065904148,-30.06715355297914
89a9012818bffff,-51.21647236143843,-30.064141247437824
89a90129a57ffff,-51.14454955720987,-30.016157232278488
89a901286d3ffff,-51.168854658022106,-30.090382028456467
89a9012997bffff,-51.18677711029623,-30.00701633590933
89a9012b13bffff,-51.17823218924319,-30.09651530251509
89a90129137ffff,-51.16111076160396,-30.0494385829046
89a9012836bffff,-51.1882331764244,-30.04297258970618
89a9012800fffff,-51.19530560407715,-30.067332965164294
89a901299afffff,-51.202103766755094,-30.009872534708332
89a90e92443ffff,-51.20474308467701,-29.999932398504974
89a90129567ffff,-51.152628073919686,-30.065417581373598
89a90128593ffff,-51.22045758075618,-30.087368132620757
89a90129e87ffff,-51.15768654917554,-30.040021121106598
89a9012811bffff,-51.213272753017854,-30.06025240704972
89a90129c37ffff,-51.181944930677886,-30.037959285536576
89a90128c63ffff,-51.23376400938229,-30.04047196041227
89a90e93487ffff,-51.156120241329134,-30.001294065620893
89a90129b4fffff,-51.16218493151693,-30.00077684455297
89a90128e47ffff,-51.209288048294844,-30.03701617398308
89a9012a2abffff,-51.20305071001001,-30.108260703412835
89a90129a23ffff,-51.156455977070365,-30.0095917743338
89a901284abffff,-51.20226627504139,-30.08892252288624
89a901291a3ffff,-51.16133432862282,-30.054970340395922
89a9012aeabffff,-51.24470958858154,-30.085294711599943
89a90129dcbffff,-51.18492130699295,-30.036317182036647
89a90129853ffff,-51.16319188761685,-30.02567440078637
89a90128417ffff,-51.19929023967919,-30.090565009127538
89a9012990fffff,-51.19295265244955,-30.00926808430807
89a9012aec3ffff,-51.23280842326066,-30.091859059448094
89a90128e2fffff,-51.22118974580533,-30.03044940440172
89a90128207ffff,-51.17677630833335,-30.0605908083536
89a90129a0bffff,-51.14752622846581,-30.01451596897314
89a9012a393ffff,-51.22124262293727,-30.106706196768776
89a9012b3d7ffff,-51.15099367201557,-30.10021786905052
89a901281d3ffff,-51.21052116148872,-30.067422288308247
89a90128487ffff,-51.202490277097105,-30.094449657701308
89a90129a93ffff,-51.15403889575914,-30.02506725162584
89a901284c3ffff,-51.19036152459096,-30.095483039194892
89a90128e07ffff,-51.21843888703252,-30.0376194779664
89a90129997ffff,-51.19946457637465,-30.019812604415662
89a9012aa4bffff,-51.225623466072946,-30.064744040197446
89a90129927ffff,-51.20187967186619,-30.00434081538321
89a90129ac7ffff,-51.1477499260251,-30.02004778073417
89a901286bbffff,-51.18076055409826,-30.08382345147965
89a9012918fffff,-51.155381195640125,-30.058248896188335
89a90128e77ffff,-51.21523908886382,-30.033730667505708
89a90128a6bffff,-51.20827917990778,-30.012123561668158
89a9012a3afffff,-51.22685740114178,-30.095136317369647
89a9012896fffff,-51.25368983754005,-30.006854751247797
89a901291cbffff,-51.14325018553555,-30.05927792878868
89a9012a37bffff,-51.21153021812554,-30.092292109188335
89a90128277ffff,-51.17357609154537,-30.056700995798916
89a9012ae23ffff,-51.24448520900876,-30.079767649644573
89a9012b06bffff,-51.14812824510827,-30.10462055264132
89a901282cfffff,-51.16784721703541,-30.065511839875143
89a90129eb7ffff,-51.16363948367298,-30.03673794269151
89a9012825bffff,-51.1616700454421,-30.0632634543765
89a90129883ffff,-51.175544828978644,-30.030175288789284
89a9012839bffff,-51.19496933802398,-30.059039950649854
89a90128133ffff,-51.222199118379834,-30.055332811854402
89a9012b16fffff,-51.17194299842335,-30.0915060821949
89a901282a7ffff,-51.18592913997023,-30.06120087573177
89a901298b7ffff,-51.18447329452449,-30.025253718680233
89a90128273ffff,-51.17059989159451,-30.058342839403153
89a90128cd7ffff,-51.23432489641867,-30.054296508673612
89a9012aa63ffff,-51.23454929227571,-30.059823611601736
89a9012832bffff,-51.197385092408474,-30.04357735489524
89a9012829bffff,-51.17413585626561,-30.07052579382419
89a90129e83ffff,-51.15470992742693,-30.04165809694834
89a9012aa8bffff,-51.238085663511896,-30.072000305977916
89a901286d7ffff,-51.17183120249677,-30.088744741580737
89a9012986bffff,-51.16583258291468,-30.01573505491781
89a90128e9bffff,-51.215799628901,-30.047555318430433
89a90128ecfffff,-51.20951230557997,-30.042543339191862
89a90129813ffff,-51.172344671558335,-30.02628542548072
89a901281d7ffff,-51.21349697761905,-30.065784057361476
89a9012983bffff,-51.175096916593354,-30.01911178011051
89a90e92697ffff,-51.198679973600335,-30.000451577022485
89a90128e2bffff,-51.21821447141466,-30.032092325681923
89a90129b97ffff,-51.17784941596845,-30.011938070077736
89a9012846fffff,-51.1927775684534,-30.080029633134433
89a90128347ffff,-51.188457252962635,-30.04849978956831
89a9012a323ffff,-51.223657365628284,-30.09125226573954
89a90129957ffff,-51.187001022387676,-30.012548081431692
89a9012aa1bffff,-51.23488593155046,-30.068112000203538
89a9012836fffff,-51.19120927347339,-30.041330345454586
89a9012aec7ffff,-51.2357839381387,-30.090215817097526
89a90128633ffff,-51.18053649040863,-30.078296267196716
89a90129a53ffff,-51.14157278134059,-30.017793915892536
89a90129aafffff,-51.159655956391695,-30.01348654931826
89a901293b7ffff,-51.14280280339754,-30.048218862401388
89a901281bbffff,-51.222423491981644,-30.060859936974303
89a90129a7bffff,-51.144326040378814,-30.010620898901927
89a9012ae93ffff,-51.24207105611845,-30.09522197689202
89a9012a34bffff,-51.20557846210934,-30.095568406816184
89a90129a0fffff,-51.15050280151984,-30.012874638269224
89a9012ae3bffff,-51.24150982665295,-30.081411089709402
89a90128eb7ffff,-51.22770118600282,-30.04099247997047
89a901284afffff,-51.20524222110641,-30.087284481512473
89a90128243ffff,-51.16464686474955,-30.06162181259013
89a9012b157ffff,-51.16930222289517,-30.10143641545761
89a9012a2afffff,-51.206026886682864,-30.10661813476013
89a9012ae53ffff,-51.22960858685819,-30.087975150891094
89a901288dbffff,-51.227476885541336,-30.03546083562979
89a90129a27ffff,-51.15943225552587,-30.007950241506766
89a901285c3ffff,-51.21119380862003,-30.084003684556116
89a9012822bffff,-51.17655252526909,-30.055063596629015
89a90129527ffff,-51.161782182828844,-30.066029326956183
89a90128e6bffff,-51.209063808365585,-30.031484491374393
89a90e934b3ffff,-51.15909660236602,-29.999652538799825
89a90128c0fffff,-51.23696344969832,-30.044360313689804
89a9012918bffff,-51.1524043231117,-30.059890329240435
89a901283dbffff,-51.18581731016096,-30.05843502304003
89a90128317ffff,-51.19772118463978,-30.051874894799003
89a90128307ffff,-51.1976090391571,-30.049109049613747
89a901280c3ffff,-51.18957739537404,-30.076140224994738
89a90129e3bffff,-51.15426233297349,-30.030599042861688
89a90129ccbffff,-51.16408718524935,-30.047801464086223
89a90128a47ffff,-51.20850332594377,-30.017655262309447
89a9012a3bbffff,-51.22399387008448,-30.099540645653946
89a901280d3ffff,-51.189689352430214,-30.078906066501897
89a9012a02bffff,-51.22135484228088,-30.1094674829286
89a901286a3ffff,-51.18373702945225,-30.082185894468683
89a9012b16bffff,-51.16896638099828,-30.093147883449294
89a9012814bffff,-51.20400914924475,-30.05688291737074
89a90129d03ffff,-51.193848882152466,-30.031394981292024
89a90128e83ffff,-51.21877508959788,-30.04591696590326
89a90129c67ffff,-51.1726805561037,-30.034583057491535
89a90128663ffff,-51.171271333670326,-30.074928996108387
89a9012b327ffff,-51.16256535447256,-30.085372352582386
89a901290a3ffff,-51.140496808872285,-30.066446361153986
89a9012804fffff,-51.186153135316054,-30.066728064564305
89a9012912bffff,-51.15493376759604,-30.04718987244118
89a90128563ffff,-51.21372121944025,-30.07131119028933
89a9012aa8fffff,-51.24106082256905,-30.07035694230246
89a90128237ffff,-51.182728871040425,-30.057311287394487
89a90129847ffff,-51.166056334744596,-30.021271344309703
89a90129a3bffff,-51.15347960041925,-30.01123323980221
89a901281a3ffff,-51.22539890453525,-30.059216924758186
89a9012a177ffff,-51.23920819943588,-30.099626633074926
89a90129a87ffff,-51.15690339976996,-30.020659880687354
89a9012b1b7ffff,-51.18760925499821,-30.102647899136766
89a901282a3ffff,-51.18295300287794,-30.06283848528142
89a90129143ffff,-51.143026322526865,-30.053750654455424
89a901289c7ffff,-51.25425133237684,-30.020683786639065
89a90128137ffff,-51.22517469421034,-30.05368980360571
89a90129b93ffff,-51.17487332417871,-30.013580017641473
89a901298b3ffff,-51.181497240314414,-30.026895813458335
89a90129bc7ffff,-51.168585009910196,-30.008561533538334
89a901280abffff,-51.2014815105737,-30.06957976811555
89a9012854bffff,-51.20479365073424,-30.076230205838563
89a90129953ffff,-51.18402506431633,-30.014190235223577
89a90129b1bffff,-51.1684730803523,-30.00579564264118
89a90128a57ffff,-51.208615409016126,-30.02042111069842
89a9012821bffff,-51.170823676577804,-30.063870059353615
89a90128343ffff,-51.18548122067554,-30.05014197041527
89a90129eabffff,-51.1574628982238,-30.03448934436775
89a9012864bffff,-51.16234164977222,-30.079845135515253
89a90128493ffff,-51.19962632164,-30.09884894725759
89a901284c7ffff,-51.19333785554179,-30.093840755079626
89a90128637ffff,-51.18351280450736,-30.076658714555315
89a90128a83ffff,-51.21799007284542,-30.02656065599189
89a9012b077ffff,-51.15430605971456,-30.106865042049012
89a90128163ffff,-51.21293632377997,-30.051963946650297
89a90128ecbffff,-51.206536476800544,-30.044185996025828
89a901285abffff,-51.223096450492676,-30.07744128194471
89a90129d6bffff,-51.18744925041593,-30.023611556599278
89a9012958fffff,-51.1561643580244,-30.077596498253804
89a90129d37ffff,-51.202776221091796,-30.026472174058625
89a90128063ffff,-51.19210542839592,-30.06344812240143
89a9012b38bffff,-51.15397048230374,-30.098580987458398
89a90129b0fffff,-51.171337367223764,-30.00138794789798
89a9012ae27ffff,-51.247460179668394,-30.078128655186983
89a901285d3ffff,-51.211306043298215,-30.086764989808803
89a9012124fffff,-51.25178265207585,-30.109633785367432
89a9012b12fffff,-51.181096695381875,-30.092111962166346
89a90e926d3ffff,-51.18655321633731,-30.001480072969066
89a90128093ffff,-51.19884198975712,-30.079510716186377
89a901285c7ffff,-51.214169774079565,-30.082360928471203
89a9012aa0bffff,-51.23477371523333,-30.065350709367276
89a90129ecfffff,-51.14544418413769,-30.038284465142805
89a90128697ffff,-51.180984644378555,-30.089350630627823
89a90e93483ffff,-51.15314377519836,-30.002931012802943
89a90129ec3ffff,-51.14555616351868,-30.041050363360235
89a90129e9bffff,-51.15173321449481,-30.043299517629528
89a90128c0bffff,-51.23398834812083,-30.046003588485316
89a90128eb3ffff,-51.224726020172454,-30.04263103414561
89a9012807bffff,-51.18912932674559,-30.06508587104108
89a90128843ffff,-51.22714033374948,-30.02716787196821
89a90129c63ffff,-51.16970435230003,-30.03622488466759
89a90129c1bffff,-51.17004004698728,-30.044517999350262
89a90129523ffff,-51.15880550141818,-30.06766639080777
89a9012a143ffff,-51.230281640007696,-30.104547361365437
89a9012a113ffff,-51.23954472612518,-30.107910445699844
89a9012b153ffff,-51.16632558160669,-30.103073643086802
89a901285afffff,-51.226072021775266,-30.075798256713707
89a9012857bffff,-51.210745242243185,-30.072949425714683
89a90128197ffff,-51.222647892570556,-30.066387056938108
89a9012b30bffff,-51.150658064614476,-30.09192928472702
89a9012ae57ffff,-51.23258403931858,-30.086331980354792
89a901290a7ffff,-51.14347375702945,-30.06480971061122
89a90e9245bffff,-51.20176779645267,-30.001574953542544
89a90129823ffff,-51.17807317741487,-30.017474340489017
89a90128a53ffff,-51.20563989978624,-30.022063750221452
89a90e93453ffff,-51.14079035693171,-29.998427993563254
89a9012804bffff,-51.18317683708228,-30.06836567848592
89a90128313ffff,-51.194745196992784,-30.05351277195901
89a90128a0bffff,-51.21159081990266,-30.01877840395766
89a901280c7ffff,-51.19255349508267,-30.07450246802998
89a901284dbffff,-51.187385410830494,-30.097120743230914
89a9012b227ffff,-51.141726810554914,-30.096848530833633
89a9012b10bffff,-51.17227908236148,-30.099794607721087
89a90128567ffff,-51.2166967642683,-30.069668375877313
89a9012814fffff,-51.206984759400235,-30.055244832161318
89a90129c07ffff,-51.17599284736902,-30.041238776932023
89a90129c9bffff,-51.1733521719011,-30.051173775042262
89a90129ccfffff,-51.16706382738289,-30.04615976520709
89a9012a12bffff,-51.24218351480497,-30.097983247656337
89a9012a3d3ffff,-51.21209092060882,-30.106103116528953
89a9012d6d3ffff,-51.250602894649546,-30.005732594447778
89a90129d07ffff,-51.19682486513405,-30.029752608568497
89a90128067ffff,-51.1950814229773,-30.061805794186107
89a90129bc3ffff,-51.16560886497265,-30.01020327267136
89a90129c03ffff,-51.17301650021726,-30.04288067795367
89a9012854fffff,-51.20776950041841,-30.07459210554289
89a9012912fffff,-51.157910219280694,-30.045548380464357
89a901291bbffff,-51.15835797694776,-30.056611907935842
89a9012accbffff,-51.25133366337243,-30.098584237423257
89a9012982fffff,-51.17796128935046,-30.014703949789205
89a90129b33ffff,-51.17740134059864,-30.00087453927479
89a90129177ffff,-51.15195689339809,-30.04883129737147
89a9012a173ffff,-51.236232774604545,-30.10126543904314
89a9012a1a7ffff,-51.25155814978854,-30.104111270076686
89a90128167ffff,-51.215911953547,-30.050321146877696
89a9012ae0fffff,-51.2385346590795,-30.083049949750478
89a90129e6fffff,-51.14797364978806,-30.025579587378314
89a90129a6fffff,-51.14719088658966,-30.006213729271664
89a90128813ffff,-51.236402262201,-30.03053575746619
89a901291d7ffff,-51.14942766961192,-30.061527182213304
89a9012a117ffff,-51.24252029404618,-30.10627156559134
89a90129d6fffff,-51.19042511661337,-30.02197383949417
89a9012864fffff,-51.165318311890694,-30.078207993897024
89a90128597ffff,-51.22343317795035,-30.085729680641386
89a9012847bffff,-51.18991360221143,-30.084433232965367
89a90129c33ffff,-51.1789687720141,-30.03959680899458
89a901280afffff,-51.20445754118528,-30.067941741307052
89a9012b1b3ffff,-51.18463288151478,-30.10428554014885
89a9012b38fffff,-51.156947511503056,-30.0969395257535
89a90e934b7ffff,-51.16207286524019,-29.998010944640292
89a9012915bffff,-51.14004937286621,-30.055387296925794
89a90e92447ffff,-51.20771859865823,-29.99828977576777
89a9012a217ffff,-51.20007474991008,-30.109898691984874
89a9012ae87ffff,-51.2449343085537,-30.0908172555788
89a9012aa0fffff,-51.237749055658405,-30.063707419172932
89a90128ab3ffff,-51.2239408496991,-30.023274754160376
89a90128497ffff,-51.20260228357168,-30.097210967073497
89a9012824fffff,-51.16453498496903,-30.05886045271805
89a90129e7bffff,-51.14510860943685,-30.029986762455948
89a9012826bffff,-51.16739933984118,-30.054452874812885
89a90128677ffff,-51.17435986864879,-30.076052996625172
89a9012860bffff,-51.17149519804079,-30.080456200673556
89a9012989bffff,-51.17256880404619,-30.031817181154242
89a9012aa57ffff,-51.23179858993305,-30.06698941955024
89a90128c73ffff,-51.233876175364834,-30.043237775094784
89a9012a333ffff,-51.22376964190429,-30.09401806828716
89a90129d17ffff,-51.19693696384221,-30.0325184627598
89a90e9268bffff,-51.19250452679407,-29.998200092920197
89a90128107ffff,-51.21922375828015,-30.056971240087023
89a901282d3ffff,-51.168070867252936,-30.07103905900844
89a90128c5bffff,-51.22495018670567,-30.04816267785154
89a90128033ffff,-51.20136957101813,-30.066818445890206
89a90128cc3ffff,-51.23123734243527,-30.053173911321576
89a901283c3ffff,-51.188793259884406,-30.056792836085858
89a901299dbffff,-51.18424916612737,-30.019721979521005
89a901283a7ffff,-51.206760600006255,-30.04971316054741
89a90129147ffff,-51.146003491661695,-30.052109431896955
89a90128213ffff,-51.17391218672131,-30.06499407322483
89a9012867bffff,-51.168294868142766,-30.076566272601546
89a90128017ffff,-51.1985057149374,-30.071222239336272
89a901281c7ffff,-51.21338469984823,-30.063018233113482
89a90128283ffff,-51.17711236086931,-30.06888387200435
89a9012a067ffff,-51.21826701197239,-30.108344596159952
89a9012a36fffff,-51.214393772334056,-30.087888046473857
89a90129ab7ffff,-51.1628561787555,-30.0173767310015
89a901286cbffff,-51.16565411710856,-30.08649655501903
89a90128087ffff,-51.201705743133694,-30.075106920442384
89a9012957bffff,-51.14667435288857,-30.068695740576093
89a90e93493ffff,-51.15325560698398,-30.005701431399746
89a9012ac53ffff,-51.251221273948346,-30.09582297556378
89a9012b3c3ffff,-51.14790464637823,-30.099093325282393
89a9012858bffff,-51.2172573979062,-30.083483919121857
89a9012840fffff,-51.19608979539733,-30.08667576795214
89a90e934cfffff,-51.143878767693934,-29.999552729432178
89a9012a3d7ffff,-51.21506688203161,-30.104460343564597
89a9012a22fffff,-51.20271462107367,-30.099972274660292
89a90128e3bffff,-51.21832650885188,-30.034853646612707
89a9012ae6fffff,-51.23522264249281,-30.0764048894077
89a90128357ffff,-51.1885691434034,-30.05126564392889
89a90129c43ffff,-51.163863483338865,-30.042269705751146
89a90166db7ffff,-51.14202021269058,-30.028862062723597
89a9012916bffff,-51.145779817796154,-30.046582156315228
89a90128623ffff,-51.18042479687972,-30.07553492880048
89a9012996fffff,-51.18964094474341,-30.00260824648885
89a90128a77ffff,-51.214454222318686,-30.01437429783107
89a90129d87ffff,-51.200136659165516,-30.036407721629214
89a9012801bffff,-51.192441464040506,-30.071736627434834
89a9012aa7bffff,-51.231574003682866,-30.061462317797595
89a90129e93ffff,-51.154821844222994,-30.044423985335214
89a901283abffff,-51.200697065002316,-30.05023243809033
89a90128c57ffff,-51.23101313757312,-30.047642283862885
89a90129babffff,-51.17751351151326,-30.003640423681883
89a901295a7ffff,-51.16509447226263,-30.072680776000208
89a90128693ffff,-51.17800824179686,-30.0909926363648
89a90128a07ffff,-51.217653687525114,-30.01826314151775
89a9012b357ffff,-51.147681080602176,-30.093570605033012
89a9012a15bffff,-51.22730624399479,-30.106185964934465
89a9012aa93ffff,-51.2412853110164,-30.07588401858997
89a9012a337ffff,-51.22674504775892,-30.092375030585913
89a9012b177ffff,-51.175143622479226,-30.095391398342255
89a90128103ffff,-51.21624830974242,-30.058614113311947
89a90129ab3ffff,-51.15988000041976,-30.019018339330884
89a901282d7ffff,-51.171047495768846,-30.069401786415316
89a90129d13ffff,-51.193960900358476,-30.03416083768821
89a90e92457ffff,-51.20783063481982,-30.001055633171617
89a9012812bffff,-51.218999572556335,-30.051444105301808
89a90128143ffff,-51.20709716396644,-30.058006153288922
89a90129adbffff,-51.14179648714425,-30.023330248004772
89a901298afffff,-51.18127327290142,-30.02136406993764
89a9012ae1bffff,-51.23567166758274,-30.08745453658165
89a90128d6bffff,-51.251501178193955,-30.027854551167625
89a90128673ffff,-51.17138342078807,-30.077690342704695
89a90128ed7ffff,-51.21271216640815,-30.04643228345206
89a9012819bffff,-51.216584726510725,-30.066907068148318
89a90129d83ffff,-51.19716085717283,-30.038050167768134
89a90128c77ffff,-51.236851196491145,-30.04159450258072
89a90128287ffff,-51.18008876698614,-30.06724188278551
89a90129cb3ffff,-51.18228100301248,-30.046252363521155
89a90129d67ffff,-51.193512867544875,-30.02309740438762
89a901286cfffff,-51.16863059863838,-30.084859339907542
89a9012a263ffff,-51.19367411143602,-30.102129217716755
89a901281c3ffff,-51.21040897384308,-30.064660974048742
89a90129983ffff,-51.19637653709048,-30.01868917893862
89a9012b06fffff,-51.151105552003855,-30.102979223860576
89a90128e17ffff,-51.218550947822436,-30.040385308568393
89a90128e5bffff,-51.20333660484852,-30.040296899227094
89a90129e57ffff,-51.145332535437824,-30.035518565287735
89a9012a02fffff,-51.224330425163195,-30.107824501766146
89a9012a063ffff,-51.21529097818913,-30.109982928758757
89a90128217ffff,-51.176888538027995,-30.063356667976507
89a9012ae8bffff,-51.23887139868504,-30.091338297224187
89a9012acdbffff,-51.251446071046466,-30.10135001018271
89a9012b35bffff,-51.141614868118516,-30.094082652700276
89a90128ec3ffff,-51.20962444903595,-30.045309175988233
89a901284cfffff,-51.19024953615809,-30.092721717617817
89a901284bbffff,-51.20237826812576,-30.091683834830015
89a90128e73ffff,-51.21226361778619,-30.03537345436074
89a90129987ffff,-51.19935242392596,-30.01704674728896
89a9012806fffff,-51.19199342404105,-30.060682276663233
89a90128a03ffff,-51.21467839278542,-30.01990598490086
89a9012a3dbffff,-51.209002974151744,-30.104980010939702
89a90129197ffff,-51.15858172601844,-30.062139151931532
89a9012885bffff,-51.22416524588967,-30.028806415376614
89a901299a3ffff,-51.20221598625109,-30.01263839219196
89a90129d4fffff,-51.184585044596886,-30.028019586787448
89a9012a137ffff,-51.24835848298437,-30.100227829145858
89a901281a7ffff,-51.22837422890819,-30.057578357543285
89a9012aedbffff,-51.22983279925478,-30.093497722328156
89a9012b39bffff,-51.15408244297856,-30.101342340140082
89a90128303ffff,-51.194633132076916,-30.05074692456398
89a901280d7ffff,-51.19266552405965,-30.07726379511137
89a9012b373ffff,-51.15054621089755,-30.089167924804247
89a9012aeb3ffff,-51.24790927680662,-30.08917825250503
89a90128233ffff,-51.179752805019646,-30.058953337459393
89a901290afffff,-51.14038494483376,-30.063684981200485
89a90128a73ffff,-51.21147865641399,-30.01601255780097
89a9012996bffff,-51.18666500220496,-30.00425046145128
89a90128e03ffff,-51.21546335343794,-30.03926233653374
89a90e924afffff,-51.2229314006487,-29.998382214832066
89a90128a9bffff,-51.21501486093008,-30.028203505575142
89a90129b0bffff,-51.16836115739363,-30.003029750462186
89a9012b303ffff,-51.15374689802074,-30.093053765655313
89a90128d47ffff,-51.251725820072465,-30.03338615547147
89a901280bbffff,-51.20159379020008,-30.072345600787408
89a90129183ffff,-51.155493151902895,-30.061014776890552
89a90129c7bffff,-51.166728042609826,-30.03786213222139
89a901295a3ffff,-51.16211764719508,-30.074317913725043
89a90129e97ffff,-51.15779854659103,-30.042787007360094
89a901669b7ffff,-51.141237605318366,-30.00949617620278
89a9012a123ffff,-51.2452709642354,-30.099105574967147
89a9012b103ffff,-51.175367429894685,-30.10091857849024
89a90129127ffff,-51.160998671109375,-30.046677214888806
89a901282bbffff,-51.17997677574908,-30.064480539705443
89a90129bafffff,-51.180489263726635,-30.00199841533588
89a90129c97ffff,-51.17941688649049,-30.050655756096607
89a9012826fffff,-51.1703758088684,-30.05281561474706
89a9012b19bffff,-51.17570350315213,-30.109202570340905
89a90e92453ffff,-51.20485536448354,-30.002698257626758
89a90129857ffff,-51.166168216797686,-30.024037230945193
89a9012865bffff,-51.162453502511966,-30.082611000804494
89a9012aea3ffff,-51.247796995115266,-30.086416983164725
89a90128227ffff,-51.182617135138166,-30.05454542995326
89a90128e4fffff,-51.20620032821215,-30.03588847121982
89a90129a2bffff,-51.15336776243527,-30.008467336052195
89a9012b07bffff,-51.148240050951735,-30.107381908293537
89a90128557ffff,-51.21096967411946,-30.078476557450823
89a90129e53ffff,-51.142355525938505,-30.037159775562174
89a90128ed3ffff,-51.20973627504449,-30.048075012012767
89a9012911bffff,-51.14920378210236,-30.05599992109012
89a90129d5bffff,-51.18172123428026,-30.032427551842133
89a901281b3ffff,-51.22551118703839,-30.061982739236562
89a901284cbffff,-51.187273178673365,-30.094359419921364
89a90129a43ffff,-51.141460941452976,-30.015028004056695
89a9012a11bffff,-51.236457066007546,-30.106787986465825
89a90e924c7ffff,-51.21103039361272,-30.004949159772462
89a90128ac3ffff,-51.208839595276196,-30.02595280361259
89a9012a16fffff,-51.23600818600179,-30.09574288704373
89a90129a97ffff,-51.157015351124826,-30.02342577590756
89a9012812fffff,-51.22197476169219,-30.049801169341894
89a90128e67ffff,-51.215126804611565,-30.030964831322834
89a90129937ffff,-51.20199187798416,-30.007106675440465
89a9012838bffff,-51.1948572685885,-30.05627861806724
89a901298abffff,-51.178297281382505,-30.02300609305245
89a9012916fffff,-51.14875640323182,-30.044940870876022
89a90128503ffff,-51.217033251985285,-30.077956803030524
89a90128e13ffff,-51.215575333744475,-30.04202816937934
89a90129d73ffff,-51.19064894539682,-30.02750556567979
89a90129597ffff,-51.159364896655894,-30.081486721908316
89a90128483ffff,-51.199514395739314,-30.096087635667956
89a901291cfffff,-51.14622687415608,-30.05764121497896
89a9012b237ffff,-51.14183842877671,-30.099609895813472
89a9012b1abffff,-51.181432572176924,-30.100400461750883
89a90128477ffff,-51.19597798346751,-30.083914447730738
89a9012950fffff,-51.152851851005174,-30.07094482839021
89a90129b23ffff,-51.17728949229825,-29.99810414086293
89a90129e2fffff,-51.15712730905839,-30.026191669847
89a90129e8fffff,-51.15459802421152,-30.038896719542908
89a901298c3ffff,-51.166392324798416,-30.029568999960553
89a90129b77ffff,-51.171225370417815,-29.99862205659189
89a90129b17ffff,-51.174537337065615,-30.005282365177788
89a9012984fffff,-51.16296829116954,-30.02014262194365
89a90129ea3ffff,-51.1605513182933,-30.03561367980412
89a9012805bffff,-51.18328893042603,-30.07113152905383
89a9012910fffff,-51.15206874270009,-30.051597185321768
89a90128423ffff,-51.20204197549101,-30.08339538342317
89a9012813bffff,-51.21911166701946,-30.054209929456086
89a90129537ffff,-51.16189399524949,-30.068790686412164
89a90129867ffff,-51.17189713413652,-30.015221897890726
89a90128083ffff,-51.19872978638262,-30.076749396093636
89a90128ec7ffff,-51.2125999357279,-30.043666450181277
89a9012ae2fffff,-51.24437271071322,-30.077006373436735
89a9012ae97ffff,-51.24504652772588,-30.093583038133694
89a90129eb3ffff,-51.160663065586554,-30.038379565596433
89a901285b3ffff,-51.22629634016108,-30.081325357233485
89a9012b14fffff,-51.16610162305306,-30.09754644825219
89a9012806bffff,-51.18901741158179,-30.0623245353442
89a90129e43ffff,-51.14224364027882,-30.034393872678095
89a9012a10bffff,-51.23634507908844,-30.1040267131077
89a901291dbffff,-51.14336180590345,-30.062043820516468
89a9012ae47ffff,-51.2324718627887,-30.08357069497704
89a901288cfffff,-51.23034005792707,-30.031056396121983
89a90129aa3ffff,-51.15976797511222,-30.01625244496512
89a90128a4fffff,-51.205415577132776,-30.016532048211726
89a9012a207ffff,-51.199962472888124,-30.10713738602992
89a9012a133ffff,-51.24538319269679,-30.101866841447226
89a90129a8bffff,-51.15083843728701,-30.02117234782899
89a90128157ffff,-51.21018492382831,-30.059129316686153
89a90128eabffff,-51.22152613931588,-30.03874238107578
89a90129803ffff,-51.17223293933098,-30.023519545295088
89a90128a63ffff,-51.211366499639624,-30.013246710355936
89a901280cbffff,-51.18648933613769,-30.075016581838362
89a9012b113ffff,-51.17547966391035,-30.10367991009986
89a9012846bffff,-51.189801631813914,-30.081667394029747
89a9012a383ffff,-51.22113041034452,-30.103944909320866
89a90129dd3ffff,-51.18812130594464,-30.040206731491054
89a9012b163ffff,-51.172055125275456,-30.09426742110413
89a90129187ffff,-51.15846968249856,-30.059373274645235
89a9012a127ffff,-51.24824617403151,-30.097466564973484
89a9012b2a3ffff,-51.142062015625704,-30.105137133813326
89a90129193ffff,-51.15560478347669,-30.063776144450006
89a9012820fffff,-51.17368822733645,-30.059466860162217
89a90128a13ffff,-51.214790650137076,-30.022671826238234
89a901298c7ffff,-51.16936838527675,-30.027927246603134
89a90129bd3ffff,-51.16572072064819,-30.012969164435344
89a9012956fffff,-51.14953946449565,-30.064293067164147
89a90129ea7ffff,-51.16352765579945,-30.033972059037115
89a9012b1c7ffff,-51.17250274161249,-30.105321789632605
89a9012838fffff,-51.19783332784356,-30.054636226455976
89a90129c47ffff,-51.16683996426297,-30.040628011165772
89a9012860fffff,-51.17447171869244,-30.07881434020186
89a9012a16bffff,-51.233032823734206,-30.097381621175597
89a90129a2fffff,-51.15634405858624,-30.00682587270965
89a90129c8bffff,-51.17324038016263,-30.048407906402037
89a90128c4bffff,-51.224838262142406,-30.045396856366857
89a90128553ffff,-51.20799376175211,-30.080114729527605
89a9012800bffff,-51.19232944840038,-30.068975297785396
89a90128023ffff,-51.20125730479737,-30.064052610643675
89a90128ac7ffff,-51.21181516702812,-30.024310092405727
89a9012b1afffff,-51.1844088827706,-30.098762892536154
89a90129c2fffff,-51.178744912596244,-30.03406507139329
89a9012853bffff,-51.21989680133745,-30.073552612977686
89a90129933ffff,-51.199016330726195,-30.008749167699122
89a9012984bffff,-51.15999170823625,-30.021784232809498
89a901283b7ffff,-51.2068726763491,-30.052478996998587
89a90128cc7ffff,-51.234212703340646,-30.051530699157723
89a90e9269bffff,-51.192616789042994,-30.000965964271092
89a9012858fffff,-51.220233256755364,-30.081845538402444
89a90128e4bffff,-51.20322464252186,-30.037531054116332
89a90129b73ffff,-51.168249241032896,-30.00026385700147
89a9012833bffff,-51.19749722452252,-30.046343202654537
89a90128223ffff,-51.17964082553658,-30.056187478289765
89a901281b7ffff,-51.228486581577855,-30.060339657522626
89a90e924c3ffff,-51.20805506067459,-30.00659185587644
89a90129ca7ffff,-51.18514519104943,-30.04184890623355
89a90129e2bffff,-51.1541504490367,-30.02783314807362
89a9012ae2bffff,-51.2413977220891,-30.078645298392356
89a90129dbbffff,-51.20002479071803,-30.03364187173097
89a90129e47ffff,-51.14522056916023,-30.03275266451154
89a901285b7ffff,-51.22927198428007,-30.0796867724229
89a9012b167ffff,-51.17503173269076,-30.09263006245416
89a90129863ffff,-51.16892084583977,-30.016863710812142
89a9012991bffff,-51.190089090675926,-30.01367172877425
89a90e926c3ffff,-51.18644112154348,-29.99871419594032
89a9012a36bffff,-51.211417960401434,-30.089526294296867
89a90128c67ffff,-51.23673896079522,-30.038833202419266
89a90128a4bffff,-51.202440130429146,-30.01817461606095
89a9012a203ffff,-51.196986494981815,-30.108775305000258
89a90129533ffff,-51.15891724048076,-30.070432264641664
89a90129c2bffff,-51.17576882491791,-30.035707035428032
89a90128427ffff,-51.205018084639335,-30.08175734599682
89a90129aa7ffff,-51.162744396996736,-30.014610838376957
89a9012a1cfffff,-51.23348171660327,-30.10843124135009
89a9012818fffff,-51.219447970936734,-30.06249836971899
89a90e93497ffff,-51.15623214667294,-30.00405996980531
89a901288cbffff,-51.227364583387335,-30.032695011803114
89a9012880bffff,-51.23320296749242,-30.02664738044712
89a9012ae43ffff,-51.229496480380924,-30.085209351029103
89a90129807ffff,-51.17520904679605,-30.021877658989368
89a90129b5bffff,-51.159320580580875,-30.005184341623472
89a9012a10fffff,-51.239320260096015,-30.102387905437194
89a90129d77ffff,-51.19362486574698,-30.025863264641632
89a9012b14bffff,-51.16312505230399,-30.09918811632013
89a90128627ffff,-51.183401022107304,-30.073892866104416
89a90129dd7ffff,-51.19109732245084,-30.038564489430744
89a90128a67ffff,-51.214341985137686,-30.01160845262721
89a90128353ffff,-51.185593030535784,-30.05290782696121
89a90128d7bffff,-51.25161349572333,-30.030620353966714
89a9012a387ffff,-51.22410615646935,-30.102301932128622
89a90129bbbffff,-51.17762536503213,-30.006406307242763
89a9012aa43ffff,-51.2287109933625,-30.065866766404707
89a9012820bffff,-51.17071162254823,-30.06110870635129
89a9012840bffff,-51.19311372418957,-30.088318115042153
89a90128eafffff,-51.22450156667081,-30.037103898075717
89a90129bd7ffff,-51.16869694606867,-30.011327423153585
89a90128153ffff,-51.207209260441005,-30.06077198587611
89a90129133ffff,-51.158133922852095,-30.05108014695811
89a9012ac43ffff,-51.25110889135096,-30.093061712412148
89a90129a47ffff,-51.14443795428062,-30.013386809911648
89a90128883ffff,-51.23960180720366,-30.0344240530371
89a90166da7ffff,-51.14190834664775,-30.02609615600347
