"","id","lon","lat","population","schools","jobs","healthcare"
"1","89a901291abffff",-51.1582459466033,-30.0538460280879,0,0,1214,0
"2","89a9012a3cfffff",-51.2118666785315,-30.1005760100267,159,0,0,0
"3","89a901295b7ffff",-51.1652063850268,-30.0754421294718,1008,0,3,1
"4","89a901284a3ffff",-51.205354294738,-30.0900457912324,92,0,0,0
"5","89a9012809bffff",-51.1957537221891,-30.0783872921785,577,0,9,0
"6","89a901285cfffff",-51.2110818953561,-30.0812378652775,1170,0,427,0
"7","89a90e934d7ffff",-51.1470789052615,-30.0034478178153,1615,1,94,0
"8","89a90129b47ffff",-51.1652730059862,-30.0019010778129,142,0,403,0
"9","89a90128a1bffff",-51.2117029901069,-30.021544248826,487,1,603,0
"10","89a90129977ffff",-51.1928406855021,-30.0064977040653,82,0,604,0
"11","89a90128e27ffff",-51.2242774541083,-30.0315722440491,2479,0,1591,0
"12","89a9012a2a3ffff",-51.2061390072645,-30.109379435479,0,0,0,0
"13","89a9012b3b7ffff",-51.1659896574663,-30.0947851050226,0,0,0,0
"14","89a901281dbffff",-51.2074334641189,-30.066299134954,1195,0,47,0
"15","89a90e9341bffff",-51.1468552796186,-29.9979114784123,1190,0,426,0
"16","89a901290b7ffff",-51.1435853839709,-30.0675710875353,807,0,41,0
"17","89a90128363ffff",-51.1913212311583,-30.0440962001926,979,0,243,0
"18","89a9012a39bffff",-51.2181545555919,-30.1055833069944,250,0,0,0
"19","89a901280cfffff",-51.1894654535818,-30.0733788944314,685,0,5,0
"20","89a9012a237ffff",-51.2059147728115,-30.1038568327554,27,0,0,0
"21","89a90129a03ffff",-51.1506148895906,-30.0156405424882,502,0,20,0
"22","89a90129907ffff",-51.196040685191,-30.0103915927284,505,1,460,0
"23","89a90e9244bffff",-51.2016556037074,-29.998809090912,187,0,563,0
"24","89a90129a73ffff",-51.1474145515327,-30.0117500609926,1555,0,658,0
"25","89a90128ad7ffff",-51.2119273506676,-30.0270759346969,1381,0,105,0
"26","89a9012b133ffff",-51.1813205012358,-30.0976391340604,35,0,9,0
"27","89a90129157ffff",-51.1461151796355,-30.0548753240777,804,0,69,0
"28","89a9012852bffff",-51.2197846696673,-30.0707913100726,1622,0,4,1
"29","89a901286dbffff",-51.1657660628833,-30.0892579020896,0,0,0,0
"30","89a9012a32bffff",-51.2205697628831,-30.0901339400088,738,0,119,0
"31","89a90128c6bffff",-51.2306765673225,-30.0393493457984,7,0,0,0
"32","89a9012834bffff",-51.1823930431651,-30.0490182243652,611,0,2,0
"33","89a9012b383ffff",-51.1570592356543,-30.099705388909,10,0,0,0
"34","89a90128187ffff",-51.2225356838554,-30.0636212414869,199,0,2,0
"35","89a9012a163ffff",-51.2361204769094,-30.0985041636885,687,0,204,0
"36","89a90129833ffff",-51.1781850640455,-30.020240217632,701,1,185,0
"37","89a9012859bffff",-51.2173698003216,-30.0862452185914,649,0,107,0
"38","89a90e9348bffff",-51.1500554801607,-30.0018064951993,1089,0,38,0
"39","89a9012848fffff",-51.1994021522086,-30.0933263232861,31,0,0,0
"40","89a9012956bffff",-51.1465626388097,-30.0659343670362,110,0,0,0
"41","89a9012aa83ffff",-51.2411732309886,-30.0731227369023,125,0,0,0
"42","89a90129bb3ffff",-51.1807134622905,-30.0075301763893,576,0,377,0
"43","89a9012aecbffff",-51.2297206896763,-30.0907364372539,1138,1,51,1
"44","89a90129c3bffff",-51.1758806707621,-30.0384729070386,507,0,687,0
"45","89a90129d23ffff",-51.1996885772447,-30.0253443153004,339,0,357,0
"46","89a90128113ffff",-51.2163603273224,-30.0613754249033,1086,0,441,0
"47","89a9012ae07ffff",-51.241622251327,-30.0841723669291,612,0,45,0
"48","89a90128687ffff",-51.1808726000195,-30.0865892978073,610,0,1,0
"49","89a90129e8bffff",-51.1516213848909,-30.0405336258381,672,0,90,0
"50","89a90129d0fffff",-51.1937368706158,-30.0286291236098,2370,0,176,0
"51","89a901298d7ffff",-51.169480367673,-30.0306931272407,234,0,74,0
"52","89a9012b063ffff",-51.1512171210789,-30.1057450899831,39,0,9,0
"53","89a90129e67ffff",-51.1510620112002,-30.0267041480517,200,0,337,1
"54","89a9012988fffff",-51.1754330029964,-30.0274094133285,227,0,233,0
"55","89a90128543ffff",-51.2078816277313,-30.077353418178,1011,0,191,0
"56","89a9012a307ffff",-51.2207938030308,-30.0956565270433,443,0,7,0
"57","89a9012b11bffff",-51.1723909047607,-30.1025559432109,109,0,21,0
"58","89a90128293ffff",-51.1772242862529,-30.0716497282117,1617,1,19,1
"59","89a90128257ffff",-51.1677352359188,-30.0627459724721,450,0,140,1
"60","89a90129acbffff",-51.1416846341788,-30.0205643387276,1026,1,123,0
"61","89a9012b313ffff",-51.1538585212208,-30.095815121275,21,0,0,0
"62","89a901282c7ffff",-51.1709357449763,-30.0666359233155,766,0,24,0
"63","89a90128043ffff",-51.1862653008612,-30.0694894007081,21,1,100,0
"64","89a9012ae77ffff",-51.2384223216435,-30.0802886689433,460,0,13,0
"65","89a9012866bffff",-51.1681828682065,-30.0738049225635,1062,1,43,0
"66","89a90128a8bffff",-51.2149025901277,-30.0254376668158,328,0,587,0
"67","89a9012b1a3ffff",-51.1845210409857,-30.1015242167561,9,0,0,0
"68","89a90128617ffff",-51.1776723542449,-30.082699603075,0,0,0,0
"69","89a90128007ffff",-51.1983935226275,-30.0684564031579,477,0,50,0
"70","89a90128c2fffff",-51.2428012784296,-30.0383122677216,0,0,NA,NA
"71","89a901282abffff",-51.1798647829871,-30.0617146831035,635,0,3,0
"72","89a901283d3ffff",-51.188905170298,-30.059558686591,365,0,14,0
"73","89a90129d93ffff",-51.1972729759206,-30.0408160180995,1335,1,419,0
"74","89a90129dc7ffff",-51.1909850539648,-30.0357986325917,893,0,142,0
"75","89a90128e0fffff",-51.2153510557244,-30.0364965029297,58,0,0,0
"76","89a9012a14fffff",-51.2301695033595,-30.1017860814489,694,1,344,0
"77","89a9012ae5bffff",-51.2265206855842,-30.0868524525933,1765,0,6,1
"78","89a9012a377ffff",-51.2175939866634,-30.0917723269518,429,0,0,0
"79","89a90129ed3ffff",-51.1456678253065,-30.043816260657,814,0,36,0
"80","89a9012884bffff",-51.2240530444204,-30.0260405854137,90,0,4152,1
"81","89a9012aa47ffff",-51.2316864607831,-30.0642281251457,1226,0,117,0
"82","89a90128437ffff",-51.2051301448641,-30.084518658289,670,0,17,0
"83","89a9012a167ffff",-51.239095810376,-30.0968608478133,756,0,55,0
"84","89a90129bb7ffff",-51.1836892771408,-30.0058880964147,232,0,114,0
"85","89a9012992bffff",-51.1958166012359,-30.004859862481,446,0,699,0
"86","89a9012b347ffff",-51.1475689765401,-30.0908047311288,60,0,89,0
"87","89a9012845bffff",-51.1840730883308,-30.0904743990512,126,0,0,0
"88","89a9012913bffff",-51.1550453733762,-30.0499557586483,1206,0,19,0
"89","89a9012b32fffff",-51.159476661414,-30.0842480771056,0,0,0,0
"90","89a90128077ffff",-51.1951935146145,-30.0645716364353,1919,0,205,1
"91","89a90129903ffff",-51.1930649413764,-30.0120339505149,372,0,513,0
"92","89a90128433ffff",-51.2021539643587,-30.0861612101566,117,0,2,0
"93","89a90128e63ffff",-51.212151413993,-30.0326076159357,3036,1,509,0
"94","89a9012999bffff",-51.1934008760081,-30.0203315428478,973,0,212,0
"95","89a9012ac4bffff",-51.2480215653097,-30.091939520554,0,0,0,0
"96","89a90128577ffff",-51.2168088087472,-30.0724296823201,735,0,9,0
"97","89a90129973ffff",-51.1898650043988,-30.0081399902015,1526,0,597,0
"98","89a901291afffff",-51.1612225418203,-30.0522044622911,833,0,2015,0
"99","89a9012841bffff",-51.1932257865287,-30.0910794357027,303,0,0,0
"100","89a90129587ffff",-51.159252806982,-30.0787208535917,1471,0,0,0
"101","89a9012816bffff",-51.209848422413,-30.0508363339917,1852,0,214,0
"102","89a90129d7bffff",-51.1875610809883,-30.0263774225251,1970,1,637,0
"103","89a90129dafffff",-51.2028884807597,-30.0292380238171,317,0,2257,0
"104","89a901299cfffff",-51.1871131504304,-30.0153139520357,572,0,1159,0
"105","89a90129cdbffff",-51.1641990386541,-30.0505628290785,1266,0,35,1
"106","89a901290b3ffff",-51.1406083615908,-30.069212252423,91,0,0,0
"107","89a901299a7ffff",-51.2051916053232,-30.0110003405468,369,1,1933,0
"108","89a90128473ffff",-51.1930016597615,-30.085552280877,930,0,3,1
"109","89a9012848bffff",-51.1964259287401,-30.0949642321592,18,0,0,0
"110","89a9012917bffff",-51.145891486064,-30.0493435387963,669,1,95,0
"111","89a90129153ffff",-51.1431382540024,-30.0565165483872,820,0,4,0
"112","89a90e934bbffff",-51.1560083354961,-29.9985236478668,416,0,308,0
"113","89a90128ad3ffff",-51.2089516984666,-30.0287186481376,1143,1,1509,1
"114","89a9012aadbffff",-51.2290475048421,-30.0741596764441,907,1,35,0
"115","89a9012852fffff",-51.2227600979356,-30.0691483588744,1027,0,14,0
"116","89a90129b83ffff",-51.1747612138412,-30.0108141349132,402,1,58,0
"117","89a9012b00fffff",-51.1544180471429,-30.1096309031091,183,0,2,0
"118","89a901289d7ffff",-51.2543637166247,-30.023449589709,281,0,0,1
"119","89a901284a7ffff",-51.2083302135339,-30.0884031680778,484,0,45,0
"120","89a90128507ffff",-51.2200089497264,-30.0763184268155,238,0,0,0
"121","89a90128117ffff",-51.2193358662145,-30.0597370616628,891,0,180,0
"122","89a90129b13ffff",-51.1715610566327,-30.0069197270856,303,0,130,0
"123","89a9012b387ffff",-51.1600362470924,-30.098063857565,0,0,0,0
"124","89a90128abbffff",-51.2208534029028,-30.0221519038735,0,0,2,0
"125","89a90129e4fffff",-51.1421320852741,-30.031627968165,573,1,81,0
"126","89a9012b1d7ffff",-51.1726149016103,-30.1080831221328,62,0,0,0
"127","89a901298d3ffff",-51.1665042266531,-30.0323348827498,335,0,111,0
"128","89a901282c3ffff",-51.167959204768,-30.0682777059948,896,0,22,0
"129","89a9012a3b3ffff",-51.2270818141948,-30.1006633998318,523,0,39,0
"130","89a90128047ffff",-51.189241257144,-30.0678517176899,1298,1,54,0
"131","89a90129d27ffff",-51.2026642922108,-30.0237063225134,785,0,2191,0
"132","89a90128403ffff",-51.1962019472001,-30.0894415986234,117,0,1,1
"133","89a9012866fffff",-51.1711595696503,-30.0721631355739,1391,0,22,1
"134","89a90128c6fffff",-51.2336515260421,-30.0377061450135,420,1,38,0
"135","89a9012910bffff",-51.1490920069027,-30.0532340323001,1174,2,52,0
"136","89a90128647ffff",-51.1684068823315,-30.0793321335912,475,1,26,1
"137","89a90129a8fffff",-51.1538151607077,-30.019535455649,1321,0,60,1
"138","89a90128547ffff",-51.210857459603,-30.0757152483381,1011,0,95,0
"139","89a90128c47ffff",-51.2309007316002,-30.044880981003,454,0,716,0
"140","89a9012a14bffff",-51.2271938635409,-30.103424683308,972,0,15,0
"141","89a9012816fffff",-51.2128240796497,-30.049198115958,520,0,634,0
"142","89a90128d6fffff",-51.2544761077005,-30.0262153914844,277,0,16,0
"143","89a90129943ffff",-51.1839133474226,-30.0114243606955,2304,0,158,0
"144","89a90128147ffff",-51.2100727563227,-30.0563679985667,19,0,59,0
"145","89a90129c53ffff",-51.1639753309969,-30.0450355855597,946,1,53,2
"146","89a901283bbffff",-51.2008092977336,-30.0529982797727,991,0,120,0
"147","89a901298a3ffff",-51.1813852532895,-30.0241299423401,675,0,2295,0
"148","89a9012b2a7ffff",-51.1450394388188,-30.1034959422491,115,0,0,0
"149","89a901299cbffff",-51.1841371118992,-30.0169561080145,2196,0,570,0
"150","89a90129d0bffff",-51.1907611938779,-30.0302714263747,1386,0,107,0
"151","89a90128003ffff",-51.1954177090799,-30.0700988048409,1742,0,3,0
"152","89a90128c2bffff",-51.2398261300016,-30.0399556751435,0,0,0,0
"153","89a90129d97ffff",-51.2002488584254,-30.0391735697473,1245,0,548,0
"154","89a9012802bffff",-51.1981694913033,-30.0629292386841,537,0,4,0
"155","89a901283d7ffff",-51.1918814263577,-30.0579164296386,964,1,97,0
"156","89a9012b173ffff",-51.1721669422521,-30.0970332713756,89,0,0,0
"157","89a9012b1a7ffff",-51.1874973338422,-30.0998865779325,772,0,15,0
"158","89a90128ebbffff",-51.2216382873087,-30.0415082081372,3004,0,348,0
"159","89a90129513ffff",-51.1530756543787,-30.0764720702895,10,0,0,0
"160","89a9012127bffff",-51.2547580557972,-30.1079901171603,996,0,250,0
"161","89a90129873ffff",-51.1690328018138,-30.0196295965791,323,0,52,0
"162","89a901288d7ffff",-51.2335393841917,-30.0349448399908,2770,0,353,0
"163","89a90129bdbffff",-51.162632621818,-30.0118449444714,226,0,777,0
"164","89a9012a35bffff",-51.2056905651942,-30.0983342248886,0,0,0,0
"165","89a901285a7ffff",-51.2291595738482,-30.0769209692531,948,0,38,1
"166","89a90129c83ffff",-51.1763284365312,-30.0495318679605,348,0,0,0
"167","89a9012aa9bffff",-51.2381979805833,-30.0747615906564,0,0,0,0
"168","89a90129dabffff",-51.1999126048381,-30.0308760210385,1438,0,215,0
"169","89a9012a373ffff",-51.2146181120526,-30.0934106465843,598,0,15,0
"170","89a9012a3a7ffff",-51.2299452399156,-30.0962590055461,636,0,242,0
"171","89a90129e37ffff",-51.1603275193338,-30.0300819047711,889,0,29,0
"172","89a9012831bffff",-51.1916574596894,-30.0523892439743,967,0,439,0
"173","89a90128573ffff",-51.2138331834629,-30.0740724989735,630,1,64,0
"174","89a9012ae37ffff",-51.247572440926,-30.0808899284027,101,0,60,0
"175","89a90128a5bffff",-51.2025520459368,-30.0209404701801,947,0,638,0
"176","89a90129dc3ffff",-51.1880091179851,-30.0374408724539,1490,0,252,0
"177","89a901298a7ffff",-51.184361227002,-30.0224878497429,600,0,1655,0
"178","89a9012aacfffff",-51.2319107363648,-30.0697552248869,186,0,602,1
"179","89a90129cb7ffff",-51.1852572967296,-30.0446102539251,960,0,473,0
"180","89a90129117ffff",-51.1552692459609,-30.0554830142047,11,0,0,0
"181","89a9012b2b3ffff",-51.1421739778252,-30.1078984946113,143,0,22,0
"182","89a9012a267ffff",-51.196650270262,-30.1004913722831,0,0,0,0
"183","89a9012992fffff",-51.1987920859626,-30.0032174418676,365,0,1275,0
"184","89a90128073ffff",-51.1922174307045,-30.0662094546185,987,0,48,0
"185","89a901280a7ffff",-51.2075452564957,-30.0690649641885,601,2,230,0
"186","89a90129b87ffff",-51.1777372251677,-30.0091721895207,1184,0,234,0
"187","89a90129a9bffff",-51.1509502209658,-30.0239382485802,437,0,249,0
"188","89a901299b3ffff",-51.2023278975437,-30.0154087611533,736,1,566,1
"189","89a9012ae8fffff",-51.24184680777,-30.0896994302966,683,0,45,0
"190","89a9012b15bffff",-51.1632369438459,-30.1019494604184,44,0,1,0
"191","89a90129d57ffff",-51.1877850861766,-30.03190915006,1530,0,137,0
"192","89a9012985bffff",-51.1601037467128,-30.0245501246131,307,0,48,0
"193","89a90129b07ffff",-51.1744252386986,-30.002511966318,23,0,84,0
"194","89a90129d63ffff",-51.1905370276779,-30.0247397032296,661,1,692,0
"195","89a90128467ffff",-51.1958658539298,-30.0811531267092,404,0,7,0
"196","89a9012881bffff",-51.2333150996249,-30.0294132015866,172,0,4358,1
"197","89a90129e63ffff",-51.1480853594487,-30.0283454889637,869,0,122,1
"198","89a901281abffff",-51.2223112967675,-30.0580941189431,797,1,291,0
"199","89a90128393ffff",-51.1980573280525,-30.0601679108816,549,0,133,0
"200","89a901288c7ffff",-51.2334272385242,-30.0321790214345,3539,0,1173,0
"201","89a90129c93ffff",-51.1764406396714,-30.0522977327195,0,0,0,0
"202","89a90128e57ffff",-51.2094001688393,-30.0397775011068,3162,0,751,0
"203","89a90129123ffff",-51.1580222298585,-30.0483142641572,2344,0,37,1
"204","89a90129517ffff",-51.1560523693494,-30.0748351374728,95,0,2,0
"205","89a90129cc7ffff",-51.1701520690549,-30.0472838722925,972,1,44,0
"206","89a9012a17bffff",-51.2331450341331,-30.1001429001053,716,0,209,0
"207","89a90129bcbffff",-51.1625205291799,-30.0090790496851,1082,0,107,0
"208","89a901283c7ffff",-51.1917694440396,-30.0551550935697,1367,0,122,0
"209","89a90128893ffff",-51.2397141272741,-30.0371898644413,257,1,65,0
"210","89a90129c57ffff",-51.1669518925202,-30.0433938888277,684,0,62,0
"211","89a90e924d3ffff",-51.2081671169415,-30.0093577094161,75,0,423,0
"212","89a90129a37ffff",-51.1595442683003,-30.0107206519976,916,0,2271,1
"213","89a9012acc3ffff",-51.2544209089552,-30.0997063495537,289,0,7,0
"214","89a9012998fffff",-51.1962644717702,-30.0159233183155,1152,0,377,0
"215","89a90129e0fffff",-51.1512859354541,-30.0322359427828,744,0,149,1
"216","89a9012a32fffff",-51.2235451062692,-30.0884909741101,1002,1,59,1
"217","89a90129d4bffff",-51.1816092339776,-30.0296616832924,703,0,765,0
"218","89a90128013ffff",-51.1955298118986,-30.0728601310011,614,0,39,0
"219","89a9012952bffff",-51.1557167528956,-30.0665420225914,449,0,14,0
"220","89a90128643ffff",-51.1654302378563,-30.0809693448081,1177,0,66,0
"221","89a90129947ffff",-51.1868892250396,-30.0097822090827,581,0,398,0
"222","89a901298bbffff",-51.1784091812701,-30.0257719676282,409,0,135,0
"223","89a901293a7ffff",-51.1426908915664,-30.0454529646316,561,0,34,0
"224","89a9012a277ffff",-51.1967621222532,-30.1032526847971,134,0,4,0
"225","89a90128c3bffff",-51.2399384527789,-30.0427169717256,0,0,NA,NA
"226","89a901284d3ffff",-51.1904735196882,-30.0982443594887,237,1,32,0
"227","89a90129cabffff",-51.1790810358172,-30.0423626754278,864,0,738,0
"228","89a901295b3ffff",-51.1622298109939,-30.0770837811777,1071,2,232,1
"229","89a9012aa53ffff",-51.2288230524746,-30.068632575304,372,0,11,0
"230","89a90129a1bffff",-51.1476382360031,-30.0172818753114,574,1,126,0
"231","89a90129c6bffff",-51.1666161351079,-30.0351007642569,198,0,18,0
"232","89a901294b3ffff",-51.1413913400601,-30.0885599167054,24,0,0,0
"233","89a9012aa6fffff",-51.2344370856451,-30.0570578046687,0,0,0,0
"234","89a9012ae33ffff",-51.2445974009448,-30.0825334373723,290,0,50,0
"235","89a90129c87ffff",-51.1793049350523,-30.0478944053237,206,0,92,0
"236","89a9012884fffff",-51.227028051865,-30.0244020442707,0,0,178,0
"237","89a901282dbffff",-51.1649825586094,-30.0699149090108,873,0,11,0
"238","89a90129a07ffff",-51.1535914449644,-30.0139991422725,686,0,174,0
"239","89a90128367ffff",-51.1942973103464,-30.0424538864304,1167,0,275,0
"240","89a90e9348fffff",-51.1530319569049,-30.000165105212,626,0,81,0
"241","89a90129c6fffff",-51.1695923566803,-30.0334590065955,361,0,81,0
"242","89a90129547ffff",-51.1467860801688,-30.0714616250814,230,0,0,0
"243","89a90129877ffff",-51.1720088465456,-30.0179877819238,870,0,205,0
"244","89a9012a3a3ffff",-51.2269694472759,-30.0979021156275,823,0,82,0
"245","89a90128037ffff",-51.2043455118831,-30.0651759090702,420,0,28,0
"246","89a9012b2b7ffff",-51.1451511573893,-30.1062573012929,95,0,0,0
"247","89a901288d3ffff",-51.230564171198,-30.0365835268272,1994,1,860,1
"248","89a9012834fffff",-51.1853690932961,-30.0473761130412,1662,0,128,0
"249","89a9012a2a7ffff",-51.2091148509756,-30.1077413099406,93,0,110,0
"250","89a901669a7ffff",-51.14112578502,-30.0067302605329,13,0,239,0
"251","89a90129e03ffff",-51.1513977453718,-30.0350018384146,740,0,95,0
"252","89a9012ae9bffff",-51.2389837632932,-30.0940995728689,3150,0,101,0
"253","89a90129b03ffff",-51.1714493706386,-30.0041538379218,200,0,105,0
"254","89a90129cc3ffff",-51.1671757688523,-30.0489256403038,992,0,164,0
"255","89a9012a1a3ffff",-51.2485831213428,-30.1057503536153,1407,0,129,0
"256","89a90129e1bffff",-51.1484208518392,-30.0366431856785,343,0,55,0
"257","89a90e934cbffff",-51.1409021576378,-30.0011939130686,118,0,60,0
"258","89a901283a3ffff",-51.2037848360122,-30.0513557540509,1864,1,104,0
"259","89a9012995bffff",-51.1809373715455,-30.0130664450266,566,0,254,0
"260","89a9012aecfffff",-51.2326962226184,-30.0890932644435,2379,0,14,0
"261","89a90128513ffff",-51.2171453265072,-30.0807226178292,1192,0,48,0
"262","89a9012a1bbffff",-51.2456076700395,-30.1073893705336,1005,0,82,0
"263","89a90129b9bffff",-51.1717851042761,-30.0124560129984,733,0,602,0
"264","89a9012824bffff",-51.1615582388702,-30.0604975801158,1405,0,16,0
"265","89a90128e23ffff",-51.2213018735812,-30.0332152353314,1103,0,65,0
"266","89a9012ae03ffff",-51.2386470141409,-30.0858157414749,773,1,138,0
"267","89a901285a3ffff",-51.2261843448532,-30.0785640634477,966,0,15,0
"268","89a90129bcfffff",-51.1654970158867,-30.007437379626,705,0,205,0
"269","89a9012b353ffff",-51.1447039914904,-30.0952073455891,109,0,0,0
"270","89a9012988bffff",-51.1724567344912,-30.0290513039591,270,0,137,0
"271","89a9012a22bffff",-51.199738263297,-30.1016147697709,0,0,0,0
"272","89a9012a343ffff",-51.2086664014492,-30.096691595559,0,0,0,0
"273","89a90e924d7ffff",-51.2111425302611,-30.0077150110816,0,0,17,0
"274","89a90128397ffff",-51.2010334499924,-30.0585254475318,96,0,228,0
"275","89a90128613ffff",-51.1746957708417,-30.0843415353093,165,0,0,0
"276","89a9012ae6bffff",-51.2322471952322,-30.078043608713,159,0,30,1
"277","89a9012844fffff",-51.1869371623077,-30.0860709291487,350,0,0,0
"278","89a90129acfffff",-51.1446614841999,-30.018923140729,370,0,25,0
"279","89a90128e0bffff",-51.2123755041713,-30.0381392920201,478,1,1042,0
"280","89a901280dbffff",-51.1866012058656,-30.0777824268214,866,0,0,0
"281","89a90129a33ffff",-51.1565679021267,-30.0123576746777,863,1,316,0
"282","89a90128897ffff",-51.2426888711527,-30.0355464599056,0,0,0,0
"283","89a9012a273ffff",-51.1937862071643,-30.1048905319561,27,0,0,0
"284","89a9012aacbffff",-51.2289354322016,-30.0713938701267,838,0,410,0
"285","89a90128297ffff",-51.1802007730323,-30.0700077368194,544,0,9,0
"286","89a901283afffff",-51.2036728469118,-30.0485899140889,1323,0,318,0
"287","89a9012817bffff",-51.2099605860075,-30.0536021669237,377,0,92,0
"288","89a90128c53ffff",-51.2280378391295,-30.0492854242813,99,0,3153,0
"289","89a9012998bffff",-51.1932888911353,-30.0175656800224,586,0,385,0
"290","89a9012aa6bffff",-51.2314618880654,-30.0587010208143,333,0,97,0
"291","89a90128a8fffff",-51.2178780457046,-30.0237948189443,151,0,1018,0
"292","89a90129577ffff",-51.1527399626416,-30.0681834616428,501,0,2,0
"293","89a90129e33ffff",-51.1573509205552,-30.0317234542708,1177,0,19,0
"294","89a9012952fffff",-51.1586934519157,-30.0649050283271,116,0,40,0
"295","89a9012837bffff",-51.1883453777124,-30.0457384461718,892,0,214,0
"296","89a901281afffff",-51.2252869632022,-30.0564556206647,1828,0,153,0
"297","89a90128e53ffff",-51.2064244205685,-30.0414201557119,0,0,236,2
"298","89a90e926d7ffff",-51.1895290868994,-29.9998423724721,59,1,632,0
"299","89a9012a317ffff",-51.2209059953728,-30.0984178183569,79,0,23,0
"300","89a9012827bffff",-51.1675113011238,-30.0572187460633,1240,0,222,0
"301","89a901282afffff",-51.1828409377811,-30.0600771431003,9,0,0,0
"302","89a9012a06bffff",-51.2122028847405,-30.1088644120094,473,0,31,0
"303","89a901282b7ffff",-51.1860412922058,-30.0639622144417,692,0,314,1
"304","89a90129abbffff",-51.1567914549925,-30.0178939841865,707,0,115,0
"305","89a90129d33ffff",-51.1998007497499,-30.0281101685668,655,1,1008,0
"306","89a9012ae13ffff",-51.2387590408726,-30.0885770202891,851,1,114,1
"307","89a901298cfffff",-51.166280105447,-30.0268031162988,0,0,83,0
"308","89a9012aa73ffff",-51.2346614950448,-30.0625849050176,0,0,0,0
"309","89a90129eafffff",-51.1604392534629,-30.0328477931259,379,0,48,0
"310","89a90128e8fffff",-51.2186630153438,-30.0431511378807,960,1,437,1
"311","89a90129e77ffff",-51.1511741320959,-30.0294700458712,846,1,115,0
"312","89a90128267ffff",-51.173464294438,-30.0539396419715,0,0,1,0
"313","89a9012aa03ffff",-51.2378613631607,-30.0664732199446,0,0,0,0
"314","89a90129a6bffff",-51.1442141330207,-30.0078549866136,646,0,544,0
"315","89a9012810bffff",-51.2131604983761,-30.0574910924569,422,0,185,1
"316","89a9012a1abffff",-51.2454954279644,-30.1046281066361,1644,0,51,1
"317","89a90129ad3ffff",-51.1448850337358,-30.0244549541501,565,0,119,0
"318","89a90129d1bffff",-51.1908731162719,-30.0330327739962,901,0,137,0
"319","89a90128517ffff",-51.220121094874,-30.0790797271446,310,0,75,1
"320","89a9012851bffff",-51.2140574656267,-30.0795996241754,636,0,6,0
"321","89a9012aa5bffff",-51.2257354378747,-30.0675098526512,325,0,14,0
"322","89a9012aac3ffff",-51.2320228790436,-30.0725165167126,595,0,267,0
"323","89a901286afffff",-51.1836249094843,-30.0794200490402,78,0,1,0
"324","89a90129a67ffff",-51.1502792931469,-30.007342825252,1381,0,190,0
"325","89a9012b10fffff",-51.1752555268514,-30.0981572451662,214,0,0,0
"326","89a9012b143ffff",-51.1662136027974,-30.1003123024193,34,0,0,0
"327","89a90129897ffff",-51.1786330009244,-30.0313037129287,196,0,1374,0
"328","89a90128607ffff",-51.1775600861082,-30.0799382646681,149,0,0,0
"329","89a90129e07ffff",-51.1543742234807,-30.0333649363693,596,0,151,0
"330","89a90128193ffff",-51.2196722105367,-30.0680254941969,133,0,0,0
"331","89a90129d8bffff",-51.1940732493631,-30.0369266923201,1386,0,247,0
"332","89a90129a4fffff",-51.1413494321481,-30.0122620905946,1145,0,69,0
"333","89a9012ae67ffff",-51.2383103152574,-30.0775273862582,492,0,4,0
"334","89a90128373ffff",-51.1914331955067,-30.0468620536447,2316,0,108,0
"335","89a90128177ffff",-51.2160239607553,-30.0530869745674,967,1,477,0
"336","89a9012a157ffff",-51.2333694752619,-30.1056654540959,760,1,93,0
"337","89a90129a83ffff",-51.1539270249502,-30.0223013542775,1270,1,461,1
"338","89a90128123ffff",-51.2220869366615,-30.0525669912435,665,0,557,0
"339","89a90129163ffff",-51.148868482923,-30.0477067631374,1187,0,50,0
"340","89a90129827ffff",-51.1810493320308,-30.0158323212808,184,0,86,0
"341","89a90129ecbffff",-51.1424674181428,-30.0399256771673,721,2,81,0
"342","89a90e926dbffff",-51.1834652417427,-30.0003563392719,0,0,0,0
"343","89a90128a0fffff",-51.2145661421616,-30.0171401422744,189,0,38,0
"344","89a90129b37ffff",-51.1803773364012,-29.9992325326617,0,0,0,0
"345","89a90128b4fffff",-51.2262429056598,-30.0050367008693,49,0,3,0
"346","89a9012aebbffff",-51.2448217830166,-30.088055984537,0,0,0,0
"347","89a90e9349bffff",-51.1501675419876,-30.004572404538,487,0,343,0
"348","89a9012844bffff",-51.1839609567378,-30.0877130696992,170,0,222,0
"349","89a9012a38bffff",-51.2180424303104,-30.1028220160024,74,0,429,0
"350","89a90128a97ffff",-51.2210776247679,-30.0276835721821,1476,0,3770,1
"351","89a901284b3ffff",-51.2054663750718,-30.092807099667,4,0,0,0
"352","89a901281cbffff",-51.2073213636279,-30.0635378171746,815,0,70,0
"353","89a90129ddbffff",-51.1850330836302,-30.0390830450055,1430,0,194,0
"354","89a901285dbffff",-51.2082180593752,-30.0856418605869,211,1,767,2
"355","89a901295afffff",-51.1620058216027,-30.0715565568279,1188,0,12,0
"356","89a90129a13ffff",-51.1507266601624,-30.0184064457983,534,0,131,0
"357","89a901299d7ffff",-51.1903128881314,-30.0192079749422,1252,0,201,0
"358","89a90129ba3ffff",-51.1806011976784,-30.0047642967267,172,1,197,0
"359","89a90129b57ffff",-51.1653848493654,-30.0046714857064,628,0,51,0
"360","89a901291b3ffff",-51.1614464462092,-30.0577362168209,1028,0,92,0
"361","89a90129967ffff",-51.1927287339445,-30.0037318348107,223,0,1398,0
"362","89a90128e37ffff",-51.2243893449586,-30.034338071984,2424,0,418,0
"363","89a9012ae83ffff",-51.2419589285492,-30.0924607042395,995,0,76,0
"364","89a90129503ffff",-51.1529637528756,-30.0737107060989,457,0,0,0
"365","89a9012aed7ffff",-51.2358958911683,-30.0929770969058,858,0,14,1
"366","89a9012982bffff",-51.1749851170812,-30.0163458995173,562,0,48,0
"367","89a90e924a3ffff",-51.2230435346977,-30.001148057694,16,0,0,0
"368","89a9012803bffff",-51.1982816702321,-30.0656950774359,1030,0,63,0
"369","89a90129a63ffff",-51.1473025504333,-30.0089796398116,430,0,38,1
"370","89a90128e1bffff",-51.212487721404,-30.0409051278674,692,1,330,0
"371","89a90128587ffff",-51.2233209320885,-30.0829683864363,3633,0,98,0
"372","89a90128ea3ffff",-51.2246137951364,-30.0398697228767,2506,2,479,0
"373","89a90129e23ffff",-51.1572389494692,-30.0289575628929,473,0,333,0
"374","89a901280a3ffff",-51.2045695679103,-30.0707030600275,759,0,167,0
"375","89a90129c0fffff",-51.1729044041789,-30.0401148058916,305,0,658,0
"376","89a901299bbffff",-51.1992402781632,-30.0142808888756,634,0,2460,0
"377","89a9012b03bffff",-51.1573950748909,-30.107989433262,0,0,0,0
"378","89a90128443ffff",-51.1870493744704,-30.0888322563091,6,0,169,1
"379","89a90e934c7ffff",-51.1469672544963,-30.0006819047182,1342,0,40,0
"380","89a90128d63ffff",-51.2545881815048,-30.028981192592,16,0,3,0
"381","89a90128337ffff",-51.2035608737322,-30.0458285850845,836,0,147,0
"382","89a9012ae4fffff",-51.22938406681,-30.0824480626533,1492,0,203,0
"383","89a9012b3cbffff",-51.144815696988,-30.0979732206889,146,0,0,0
"384","89a901291d3ffff",-51.1464506004146,-30.063168480334,931,0,22,0
"385","89a9012808bffff",-51.1956416060181,-30.0756259685873,456,0,294,0
"386","89a901286c7ffff",-51.1717190810952,-30.085978887884,17,0,2,0
"387","89a90128ccbffff",-51.2281498576881,-30.0520512409241,1026,0,293,0
"388","89a90129573ffff",-51.1497630671589,-30.0698203209823,326,0,0,0
"389","89a90129ec7ffff",-51.1485329118371,-30.0394090817802,278,0,1,0
"390","89a90129113ffff",-51.1522924541057,-30.0571244451303,530,0,11,0
"391","89a90129d3bffff",-51.1967127731061,-30.0269867530906,720,0,406,0
"392","89a9012a353ffff",-51.208778591949,-30.0994574101115,2,0,0,0
"393","89a90129da3ffff",-51.2030004138236,-30.031999360533,632,0,380,1
"394","89a9012810fffff",-51.2161359648892,-30.0558482887326,890,1,205,0
"395","89a90128263ffff",-51.1704878430578,-30.0555769715923,0,0,86,0
"396","89a90128e8bffff",-51.2156876351494,-30.0447894881616,1113,0,187,0
"397","89a90128537ffff",-51.2259600399668,-30.0730369603505,351,0,38,0
"398","89a9012828bffff",-51.1740240181822,-30.0677599341665,656,1,83,0
"399","89a90128acbffff",-51.2057519091222,-30.0248295995482,1379,0,496,0
"400","89a9012869bffff",-51.1749195252238,-30.0898687257168,68,0,0,0
"401","89a9012987bffff",-51.1659444592864,-30.0185054563924,1850,0,126,0
"402","89a9012a18fffff",-51.2426324556094,-30.1090328317882,1211,0,34,0
"403","89a90128e6fffff",-51.212039216922,-30.0298417762217,1876,0,511,0
"404","89a90129d53ffff",-51.1848092128749,-30.0335513182386,824,0,116,0
"405","89a90e92683ffff",-51.1955925351058,-29.9993236148113,133,0,1388,0
"406","89a9012980bffff",-51.1691447643936,-30.0223954810639,231,0,45,0
"407","89a9012aac7ffff",-51.2349981653022,-30.0708778019695,470,0,0,0
"408","89a9012822fffff",-51.179528852694,-30.0534216178355,403,0,14,0
"409","89a90128173ffff",-51.2130482407966,-30.0547252643416,374,0,346,0
"410","89a901299d3ffff",-51.1873371024098,-30.0208456898501,1020,0,285,0
"411","89a9012aa07ffff",-51.2408363613003,-30.0648298608476,0,0,NA,NA
"412","89a9012a1afffff",-51.2484707987543,-30.1029890920265,502,0,44,0
"413","89a901299b7ffff",-51.2053035878831,-30.0137661950228,888,0,895,0
"414","89a9012994fffff",-51.1838013131171,-30.0086584853363,1067,0,1743,0
"415","89a901286a7ffff",-51.1867133980458,-30.0805437578317,27,0,0,0
"416","89a90129917ffff",-51.1961527371743,-30.0131574559233,1158,0,702,0
"417","89a90129167ffff",-51.1518450506634,-30.0460654081407,1820,0,6,0
"418","89a90129b8fffff",-51.1746494341633,-30.0080482504719,693,0,281,0
"419","89a90129c4bffff",-51.1607751436017,-30.0411454497113,668,0,92,0
"420","89a9012a153ffff",-51.2303941077796,-30.107308639424,617,0,67,0
"421","89a90128e33ffff",-51.2214140080968,-30.0359810649712,1155,1,519,0
"422","89a90128463ffff",-51.1928896107725,-30.0827909576474,2428,0,3,0
"423","89a9012815bffff",-51.2041211584401,-30.0596487534706,727,0,42,0
"424","89a90129b3bffff",-51.1743134788579,-29.9997460780271,0,0,0,0
"425","89a90128e87ffff",-51.2217507661966,-30.0442740333618,985,0,214,0
"426","89a90129d8fffff",-51.1970490692319,-30.0352843156644,797,0,66,0
"427","89a90128603ffff",-51.17458390755,-30.0815801942958,690,0,0,0
"428","89a9012842fffff",-51.2019300024879,-30.0806340676234,688,0,28,0
"429","89a9012ae63ffff",-51.2353348859219,-30.0791661750836,1371,0,4,0
"430","89a9012aa77ffff",-51.2376367657283,-30.0609461293327,0,0,NA,NA
"431","89a90128a43ffff",-51.205527897144,-30.0192978996073,1525,0,678,0
"432","89a90128407ffff",-51.1991780004924,-30.0877991819585,13,0,0,0
"433","89a9012849bffff",-51.1965381006168,-30.0977300589702,0,0,0,0
"434","89a9012862bffff",-51.1773362102259,-30.0744110709018,1362,0,19,1
"435","89a90128377ffff",-51.1944093552456,-30.0452197376831,1333,0,83,0
"436","89a90129b53ffff",-51.1624087671661,-30.0063131532176,554,1,114,0
"437","89a901294a3ffff",-51.1412794172788,-30.0857940347354,57,0,0,0
"438","89a9012ae4bffff",-51.2264086664941,-30.084086649173,1254,0,4,0
"439","89a90129b7bffff",-51.1651611766762,-29.9991351809217,0,0,78,0
"440","89a9012b3cfffff",-51.1477928602128,-30.0963319657963,52,0,0,0
"441","89a901285d7ffff",-51.2142817747089,-30.0851267442243,702,0,52,0
"442","89a9012842bffff",-51.1989538845783,-30.0822765477072,1017,0,11,0
"443","89a9012993bffff",-51.1959286398786,-30.0076257282476,698,0,611,0
"444","89a9012a367ffff",-51.2174818950612,-30.0890110295219,795,0,150,0
"445","89a90129843ffff",-51.1630800861012,-30.0229085120056,165,0,1836,0
"446","89a9012b147ffff",-51.1691904800755,-30.0986705643128,65,0,31,0
"447","89a90129913ffff",-51.1931769129252,-30.0147998159114,798,0,232,0
"448","89a9012856fffff",-51.213608928207,-30.0685453686193,1141,0,69,1
"449","89a901281cfffff",-51.2102971075824,-30.0618951457527,605,0,215,0
"450","89a901285bbffff",-51.2232086828473,-30.0802025787273,1280,0,18,0
"451","89a9012126bffff",-51.2546455585636,-30.1052288627938,355,0,479,0
"452","89a90128ea7ffff",-51.2275891944596,-30.0382266581653,3193,0,442,0
"453","89a9012a38fffff",-51.2210181944616,-30.1011791083827,33,0,0,0
"454","89a90129db7ffff",-51.2060883014211,-30.0331271392954,1168,0,269,0
"455","89a901286c3ffff",-51.1687426250229,-30.0876206848221,160,0,0,0
"456","89a90129cafffff",-51.1820569426483,-30.0407206379784,1045,1,324,0
"457","89a9012835bffff",-51.1825050899665,-30.0517840839243,220,0,130,0
"458","89a90129c27ffff",-51.1818332412238,-30.0351934191075,513,0,488,0
"459","89a90128333ffff",-51.200585163135,-30.0474665946257,774,0,157,0
"460","89a9012980fffff",-51.1721208896292,-30.0207536642509,2073,0,127,0
"461","89a90e934c3ffff",-51.143990655432,-30.0023186455574,667,1,69,0
"462","89a90128ccfffff",-51.2311252366216,-30.0504080982381,0,0,3,0
"463","89a90128447ffff",-51.1900255706531,-30.0871945583936,47,0,32,0
"464","89a90129027ffff",-51.1401612236455,-30.0581531929632,836,0,0,0
"465","89a901291b7ffff",-51.1644231043224,-30.056094579319,243,0,517,1
"466","89a90129e0bffff",-51.1483091225279,-30.0338772879313,1333,0,39,0
"467","89a9012b12bffff",-51.1781202122027,-30.0937539700807,795,0,32,1
"468","89a90128533ffff",-51.2229845390188,-30.0746754711045,1714,0,42,0
"469","89a901288c3ffff",-51.2304521059671,-30.0338177059964,467,1,358,0
"470","89a9012b1cfffff",-51.1694142889812,-30.1041977526862,189,1,15,0
"471","89a901298cbffff",-51.1633040198187,-30.0284402878835,645,0,1370,0
"472","89a9012855bffff",-51.204905706848,-30.0789960329251,1403,0,41,0
"473","89a90128acfffff",-51.2087274987932,-30.0231869577995,1001,0,454,0
"474","89a9012914fffff",-51.1429147217785,-30.0509847588919,273,0,2,0
"475","89a9012953bffff",-51.1558287289021,-30.0693078994511,451,2,52,0
"476","89a90129e27ffff",-51.160215467683,-30.02731601553,0,0,94,0
"477","89a9012a1c7ffff",-51.236569384064,-30.1095492579501,1161,0,36,1
"478","89a9012b073ffff",-51.1513290142047,-30.1085064422356,87,0,0,0
"479","89a90128247ffff",-51.1676232690184,-30.0599846160308,2026,0,9,0
"480","89a90129c0bffff",-51.1699280315373,-30.0417521251249,931,0,252,0
"481","89a9012a027ffff",-51.2274183068606,-30.1089472458333,150,0,792,0
"482","89a9012888bffff",-51.2365144882849,-30.0333015737428,2721,0,208,0
"483","89a9012acd3ffff",-51.2545333925133,-30.1024676065059,249,0,79,0
"484","89a9012a3c3ffff",-51.2119786292185,-30.103337308082,402,0,0,0
"485","89a9012828fffff",-51.1770004421205,-30.0661180145125,965,0,219,0
"486","89a90129c4fffff",-51.163751642274,-30.0395038246607,1105,1,309,0
"487","89a90129b8bffff",-51.1716730810298,-30.0096901268235,1487,0,455,1
"488","89a901286b3ffff",-51.1838488234543,-30.0849472268408,600,0,20,0
"489","89a90128387ffff",-51.2009212038687,-30.0557596084232,539,0,320,0
"490","89a90128c43ffff",-51.2279255031652,-30.0465196069091,616,0,343,0
"491","89a9012b397ffff",-51.1601480513673,-30.1008252050861,20,0,0,0
"492","89a9012a107ffff",-51.2424078039231,-30.1035057865083,885,0,143,0
"493","89a9012a3abffff",-51.2238819147813,-30.0967793573383,569,0,55,0
"494","89a90128323ffff",-51.2004729437968,-30.044700750368,99,1,89,0
"495","89a901283cfffff",-51.1886813646833,-30.0540314965387,1263,0,228,1
"496","89a90e924dbffff",-51.2050793054172,-30.0082344852887,385,0,1299,0
"497","89a9012919bffff",-51.152516191773,-30.0626516998233,123,1,64,0
"498","89a9012823bffff",-51.1766644174949,-30.0578294592545,116,0,3756,0
"499","89a9012862fffff",-51.1803127775441,-30.0727690773351,615,0,0,0
"500","89a901280b7ffff",-51.2076573703905,-30.0718262793961,847,0,116,0
"501","89a90129da7ffff",-51.2059759478805,-30.0303612943391,1693,0,247,0
"502","89a90129c13ffff",-51.1731282708807,-30.0456420369052,319,0,10,0
"503","89a9012994bffff",-51.1808254095079,-30.0102960552128,534,0,147,1
"504","89a90129d2fffff",-51.1995764114293,-30.0225784607471,779,0,1034,0
"505","89a90129a17ffff",-51.1537032960721,-30.0167650434629,2684,0,253,0
"506","89a9012aa17ffff",-51.2409487561166,-30.0675956580333,0,0,0,0
"507","89a9012a363ffff",-51.2145061009803,-30.0906493469078,625,1,54,1
"508","89a9012889bffff",-51.2366267211492,-30.0360673887272,1171,1,135,0
"509","89a9012b337ffff",-51.162677220409,-30.0881382153079,0,0,0,0
"510","89a9012ac5bffff",-51.248133860626,-30.0947007873115,0,0,0,0
"511","89a9012aad7ffff",-51.2351103951726,-30.0736390902258,867,0,0,0
"512","89a9012856bffff",-51.2106333654053,-30.0701881135087,754,1,98,0
"513","89a9012868fffff",-51.1777843128133,-30.0854654528638,12,0,0,0
"514","89a90129db3ffff",-51.2031123627638,-30.0347652082186,794,0,454,0
"515","89a90129c23ffff",-51.1788568389896,-30.0368309408359,956,0,206,0
"516","89a90128c1bffff",-51.23410051704,-30.0487648883495,0,0,0,0
"517","89a9012b04fffff",-51.1452628891082,-30.1090231712757,60,0,0,0
"518","89a9012a20bffff",-51.1938979940245,-30.1076563575956,75,0,0,0
"519","89a90e924cbffff",-51.204967326967,-30.0054641159657,76,0,621,0
"520","89a9012802fffff",-51.2011453786146,-30.0612912858483,602,1,105,0
"521","89a90129cd3ffff",-51.1672873927532,-30.0516915145302,86,0,6,0
"522","89a9012b31bffff",-51.1507699317427,-30.094695155597,129,0,0,0
"523","89a90e934d3ffff",-51.144102232205,-30.0050890730467,846,0,32,0
"524","89a90129037ffff",-51.1402730809676,-30.0609190877214,19,0,0,0
"525","89a9012830fffff",-51.1945214068208,-30.0479855876492,499,0,321,0
"526","89a90129b43ffff",-51.162296680365,-30.003542743584,697,0,26,1
"527","89a90128057ffff",-51.1893535098527,-30.0706130503534,133,1,7,0
"528","89a901291c7ffff",-51.149315563861,-30.0587658086,120,0,32,0
"529","89a9012a3b7ffff",-51.2300573630276,-30.0990202880425,306,1,140,0
"530","89a90129563ffff",-51.1496512659423,-30.0670589508346,409,0,35,0
"531","89a90129e73ffff",-51.1481973997652,-30.0311113889048,695,0,12,0
"532","89a90129837ffff",-51.181161299149,-30.0185981962512,1037,0,41,0
"533","89a9012ae17ffff",-51.241734358515,-30.0869336434546,208,0,74,0
"534","89a90128383ffff",-51.1979454867031,-30.0574020690684,604,1,336,0
"535","89a9012a233ffff",-51.2029386675162,-30.1054948869788,12,0,0,0
"536","89a9012954bffff",-51.1407202450825,-30.071978142066,8,0,0,0
"537","89a9012b17bffff",-51.1690784272276,-30.0959092245213,56,0,0,0
"538","89a90129e17ffff",-51.1544861205596,-30.0361308285964,945,0,42,0
"539","89a9012a06fffff",-51.2151789267465,-30.1072216368051,723,0,3,0
"540","89a9012a1b7ffff",-51.2516705596981,-30.1068725280575,255,0,63,0
"541","89a90128edbffff",-51.2066485397369,-30.0469518350517,834,0,981,0
"542","89a9012a33bffff",-51.2206819417443,-30.0928952338974,814,0,54,0
"543","89a90e924cfffff",-51.2079426870856,-30.0038260015612,36,0,565,0
"544","89a90e93413ffff",-51.1499437489024,-29.999040584212,643,0,149,0
"545","89a9012b3dbffff",-51.1449274024579,-30.1007345822864,420,0,0,0
"546","89a90128c7bffff",-51.2307886460808,-30.0421151640464,118,0,22,0
"547","89a90128327ffff",-51.2034488980138,-30.043062742549,394,1,206,0
"548","89a9012888fffff",-51.2394894939259,-30.0316582403401,17,0,32,0
"549","89a901280b3ffff",-51.2046816106157,-30.0734688896894,417,1,179,0
"550","89a90129c17ffff",-51.1761047064641,-30.0440046459752,0,1,334,0
"551","89a901283cbffff",-51.1857051628094,-30.0556691695208,591,0,77,1
"552","89a9012a13bffff",-51.2422956559671,-30.1007445177276,852,0,89,0
"553","89a90128457ffff",-51.1901375457552,-30.0899558825388,0,0,0,0
"554","89a9012ae73ffff",-51.2354471361291,-30.0819274594701,380,0,8,0
"555","89a90128a7bffff",-51.2083912495747,-30.0148894126327,206,0,397,0
"556","89a90129ebbffff",-51.1575745583466,-30.0372552335718,1432,0,14,0
"557","89a9012aa13ffff",-51.2379733424309,-30.0692345077909,159,0,198,2
"558","89a90128e93ffff",-51.2188871606641,-30.048678280397,912,1,1599,0
"559","89a90128657ffff",-51.1685188954938,-30.0820934810676,678,0,0,0
"560","89a901285cbffff",-51.2081059119284,-30.0828805518104,332,0,79,0
"561","89a9012a103ffff",-51.2394326518887,-30.1051491759182,345,0,392,0
"562","89a90128127ffff",-51.2250624319798,-30.0509239852555,1488,0,541,0
"563","89a9012b137ffff",-51.1842970555368,-30.0960015665785,59,0,0,0
"564","89a90129893ffff",-51.1756569856927,-30.0329411625341,620,0,58,0
"565","89a901282b3ffff",-51.183065082922,-30.0656043384183,652,0,87,0
"566","89a90128853ffff",-51.2272526121008,-30.0299291861255,409,0,7017,1
"567","89a90128183ffff",-51.2195600923477,-30.065264188716,47,0,0,0
"568","89a90129a77ffff",-51.1503910440589,-30.0101087324002,1088,0,834,0
"569","89a90129c73ffff",-51.1698163545335,-30.0389907614568,225,0,109,0
"570","89a901299c3ffff",-51.1872252851293,-30.0180798213548,675,0,808,0
"571","89a901295abffff",-51.1590293031575,-30.0731936245638,880,0,1,0
"572","89a90129ba7ffff",-51.1835772561224,-30.0031222184853,15,0,777,0
"573","89a90128e7bffff",-51.2091759249746,-30.0342503333229,1539,0,418,0
"574","89a9012830bffff",-51.1915451578373,-30.0496233935648,1268,0,105,0
"575","89a90128253ffff",-51.1647587585937,-30.064387683426,738,0,179,0
"576","89a90129ed7ffff",-51.1486446542583,-30.0421749769679,142,0,405,0
"577","89a90129107ffff",-51.1551573098982,-30.0527216431925,281,0,0,0
"578","89a90129d2bffff",-51.1966006877571,-30.0242208963263,578,0,349,0
"579","89a90128527ffff",-51.2258477304161,-30.0702711510348,741,0,776,0
"580","89a90128857ffff",-51.2302276821038,-30.0282905732781,27,0,5487,0
"581","89a9012808fffff",-51.1986175806864,-30.0739835624891,387,1,173,0
"582","89a90129c77ffff",-51.1727926388977,-30.0373489321203,221,0,362,0
"583","89a9012a20fffff",-51.1968743052711,-30.1060139955411,50,0,0,0
"584","89a9012b2afffff",-51.1419503778736,-30.1023712591668,389,0,107,0
"585","89a901284b7ffff",-51.2084423838705,-30.0911689864956,232,0,1,0
"586","89a9012863bffff",-51.177448148877,-30.0771769245418,874,0,0,0
"587","89a90128a93ffff",-51.2181024308139,-30.0293264912131,1331,0,1530,2
"588","89a901299abffff",-51.1991281390849,-30.0115150291756,620,1,690,0
"589","89a90129cbbffff",-51.1791929821172,-30.0451285410179,836,0,818,0
"590","89a90129d47ffff",-51.187673242307,-30.029143286704,898,0,259,0
"591","89a90128583ffff",-51.2203454153857,-30.0846068361553,477,0,14,0
"592","89a9012a26bffff",-51.1905858457881,-30.1010056780287,395,0,0,0
"593","89a9012aad3ffff",-51.2321350390193,-30.0752823194664,443,0,65,0
"594","89a90128e97ffff",-51.221862927687,-30.0470398578422,1667,2,225,0
"595","89a90128cdbffff",-51.2282621968371,-30.0548125434812,830,0,403,0
"596","89a90129ad7ffff",-51.1478619466719,-30.0228136845138,754,1,50,0
"597","89a90129c5bffff",-51.1608869040645,-30.0439113329408,729,0,7,0
"598","89a9012850bffff",-51.2139454784551,-30.0768338058441,329,0,276,0
"599","89a901286b7ffff",-51.1868252810905,-30.0833096002444,183,0,0,0
"600","89a90128053ffff",-51.1863771572777,-30.0722552482611,121,0,0,0
"601","89a90129963ffff",-51.1897528092313,-30.0053741192212,456,0,388,0
"602","89a9012981bffff",-51.1692567335805,-30.0251613642661,18,0,0,0
"603","89a901291c3ffff",-51.1463388927935,-30.0604025919905,350,0,7,0
"604","89a90128adbffff",-51.2058639251532,-30.0275954475874,407,1,1313,0
"605","89a9012aed3ffff",-51.2329206201105,-30.0946203409565,1723,0,25,0
"606","89a90129507ffff",-51.1559403801789,-30.0720692631745,331,0,0,0
"607","89a9012b067ffff",-51.154194410234,-30.1041036915433,0,0,0,0
"608","89a90129cd7ffff",-51.1702640977416,-30.0500497439515,289,0,24,0
"609","89a9012843bffff",-51.199066101335,-30.0850378652294,1023,2,101,0
"610","89a9012b34fffff",-51.1444802824154,-30.0896801041345,33,0,0,0
"611","89a9012b3d3ffff",-51.1480164458235,-30.1018591957117,27,0,0,0
"612","89a9012990bffff",-51.1899768821872,-30.0109058603643,746,0,892,0
"613","89a90128847ffff",-51.2301156371433,-30.0255247485759,0,0,0,0
"614","89a90129c8fffff",-51.1762165721821,-30.0467705137348,257,0,0,0
"615","89a9012aeafffff",-51.2476847089913,-30.0836512003274,0,0,3816,0
"616","89a90128a17ffff",-51.2177660252872,-30.0210289806075,0,0,0,0
"617","89a90129993ffff",-51.1964886090857,-30.0214550382756,793,1,684,0
"618","89a90128097ffff",-51.2018177119097,-30.077872751037,437,0,16,0
"619","89a90128a87ffff",-51.2209655104675,-30.0249177386727,33,1,1495,0
"620","89a90129817ffff",-51.1753208595406,-30.0246435370165,833,2,242,0
"621","89a90128e43ffff",-51.2063123710395,-30.0386543141098,736,1,83,1
"622","89a9012a147ffff",-51.2332572513086,-30.1029041777454,547,0,578,0
"623","89a901291a7ffff",-51.1643109060936,-30.0533287050426,0,1,58,0
"624","89a9012ae7bffff",-51.2323596824812,-30.0808048960976,294,1,0,3
"625","89a90e934dbffff",-51.1410139648713,-30.0039598312961,0,0,1855,0
"626","89a90128203ffff",-51.1738000455532,-30.0622327236698,534,0,342,0
"627","89a9012954fffff",-51.1436973481988,-30.0703369750723,414,1,55,0
"628","89a9012a23bffff",-51.1998505269191,-30.1043760782962,0,0,0,0
"629","89a90129d9bffff",-51.1941852721216,-30.0396880338914,1255,0,682,0
"630","89a90128a6fffff",-51.2112546736199,-30.0104808611026,2,0,306,0
"631","89a90129173ffff",-51.1489802382608,-30.0504681422301,954,0,10,0
"632","89a9012a397ffff",-51.2242184496147,-30.1050632173148,1074,0,25,0
"633","89a9012a1b3ffff",-51.248695450751,-30.1085116139121,876,1,200,0
"634","89a9012832fffff",-51.2003610643817,-30.041939416578,1158,0,195,0
"635","89a90129e13ffff",-51.1515095618503,-30.0377677327664,972,0,99,0
"636","89a901299c7ffff",-51.1902009903807,-30.0164421086363,1155,0,994,0
"637","89a90128c4fffff",-51.22781349812,-30.0437537876839,1747,1,283,0
"638","89a90129ca3ffff",-51.1821689695073,-30.0434865013922,787,0,679,0
"639","89a901295bbffff",-51.1591410553906,-30.0759594958357,796,0,2,0
"640","89a9012aa4fffff",-51.2285986271668,-30.0631054690035,625,1,219,0
"641","89a9012a12fffff",-51.2451587425789,-30.0963443071959,305,0,720,0
"642","89a90e924b3ffff",-51.2231556754827,-30.0039138992664,0,0,0,0
"643","89a90129923ffff",-51.1989042050041,-30.0059833054265,428,0,1233,1
"644","89a90129ac3ffff",-51.1447734177375,-30.0216890479007,186,0,1,0
"645","89a90129dcfffff",-51.187897260813,-30.0346750116682,824,0,133,0
"646","89a90129b4bffff",-51.1592085881832,-30.002418440852,266,0,5,0
"647","89a90128cd3ffff",-51.2313497687147,-30.0559352103128,260,0,72,0
"648","89a9012a30fffff",-51.2177060849976,-30.0945336230947,0,0,0,0
"649","89a90128027ffff",-51.2042331743354,-30.0624145882824,690,1,43,0
"650","89a90129103ffff",-51.1521805916709,-30.0543585597393,982,0,9,0
"651","89a9012868bffff",-51.1748076407518,-30.0871028750421,41,0,0,0
"652","89a90129887ffff",-51.1785210877836,-30.0285378409203,311,0,1123,0
"653","89a901283b3ffff",-51.2038971559925,-30.0541215922224,889,0,79,0
"654","89a9012accfffff",-51.2543087565598,-30.096945090681,202,0,24,0
"655","89a9012986fffff",-51.1688088964703,-30.0140978237629,740,0,243,0
"656","89a9012861bffff",-51.1716072984,-30.0832175447072,702,0,0,0
"657","89a90129e6bffff",-51.1449969803637,-30.0272208587639,630,0,16,0
"658","89a90128667ffff",-51.1742480173134,-30.0732871395339,1208,0,11,0
"659","89a90129d43ffff",-51.18469712541,-30.0307854531555,509,0,111,0
"660","89a9012a327ffff",-51.2266330254425,-30.0896137419541,821,1,20,0
"661","89a90129aabffff",-51.1566795167911,-30.0151280864051,800,0,100,1
"662","89a9012ae0bffff",-51.2355594038089,-30.0846932547761,1866,0,47,0
"663","89a901298dbffff",-51.1634158345151,-30.0312061741011,371,0,34,0
"664","89a90e92693ffff",-51.1957045604071,-30.0020894831511,166,0,646,0
"665","89a90129edbffff",-51.1425793168929,-30.0426915774933,1378,0,197,0
"666","89a90128523ffff",-51.2228723201572,-30.0719141717451,2220,1,20,0
"667","89a9012850fffff",-51.2169211940444,-30.0751954991628,701,0,0,0
"668","89a901282cbffff",-51.1648706590415,-30.0671535529791,1511,1,47,0
"669","89a9012818bffff",-51.2164723614384,-30.0641412474378,483,1,48,0
"670","89a90129a57ffff",-51.1445495572099,-30.0161572322785,458,0,3,0
"671","89a901286d3ffff",-51.1688546580221,-30.0903820284565,79,0,0,0
"672","89a9012997bffff",-51.1867771102962,-30.0070163359093,513,0,313,0
"673","89a9012b13bffff",-51.1782321892432,-30.0965153025151,97,0,18,0
"674","89a90129137ffff",-51.161110761604,-30.0494385829046,1812,0,7,1
"675","89a9012836bffff",-51.1882331764244,-30.0429725897062,1025,0,350,0
"676","89a9012800fffff",-51.1953056040771,-30.0673329651643,2150,0,20,0
"677","89a901299afffff",-51.2021037667551,-30.0098725347083,1018,0,878,0
"678","89a90e92443ffff",-51.204743084677,-29.999932398505,11,0,392,0
"679","89a90129567ffff",-51.1526280739197,-30.0654175813736,309,0,218,0
"680","89a90128593ffff",-51.2204575807562,-30.0873681326208,765,0,15,0
"681","89a90129e87ffff",-51.1576865491755,-30.0400211211066,706,0,92,0
"682","89a9012811bffff",-51.2132727530179,-30.0602524070497,724,0,54,0
"683","89a90129c37ffff",-51.1819449306779,-30.0379592855366,1296,0,135,0
"684","89a90128c63ffff",-51.2337640093823,-30.0404719604123,441,0,16,0
"685","89a90e93487ffff",-51.1561202413291,-30.0012940656209,541,0,6,0
"686","89a90129b4fffff",-51.1621849315169,-30.000776844553,154,0,24,0
"687","89a90128e47ffff",-51.2092880482948,-30.0370161739831,1023,0,1811,1
"688","89a9012a2abffff",-51.20305071001,-30.1082607034128,89,0,0,0
"689","89a90129a23ffff",-51.1564559770704,-30.0095917743338,1578,0,525,0
"690","89a901284abffff",-51.2022662750414,-30.0889225228862,60,0,0,0
"691","89a901291a3ffff",-51.1613343286228,-30.0549703403959,0,0,228,0
"692","89a9012aeabffff",-51.2447095885815,-30.0852947115999,0,0,9,0
"693","89a90129dcbffff",-51.1849213069929,-30.0363171820366,395,1,307,0
"694","89a90129853ffff",-51.1631918876168,-30.0256744007864,81,0,4359,0
"695","89a90128417ffff",-51.1992902396792,-30.0905650091275,33,0,0,0
"696","89a9012990fffff",-51.1929526524495,-30.0092680843081,844,0,742,0
"697","89a9012aec3ffff",-51.2328084232607,-30.0918590594481,536,0,191,0
"698","89a90128e2fffff",-51.2211897458053,-30.0304494044017,710,0,8094,1
"699","89a90128207ffff",-51.1767763083334,-30.0605908083536,126,0,0,0
"700","89a90129a0bffff",-51.1475262284658,-30.0145159689731,634,0,509,0
"701","89a9012a393ffff",-51.2212426229373,-30.1067061967688,171,0,42,0
"702","89a9012b3d7ffff",-51.1509936720156,-30.1002178690505,0,0,0,0
"703","89a901281d3ffff",-51.2105211614887,-30.0674222883082,560,0,77,0
"704","89a90128487ffff",-51.2024902770971,-30.0944496577013,111,0,4,0
"705","89a90129a93ffff",-51.1540388957591,-30.0250672516258,353,0,156,0
"706","89a901284c3ffff",-51.190361524591,-30.0954830391949,54,0,0,0
"707","89a90128e07ffff",-51.2184388870325,-30.0376194779664,448,0,42,0
"708","89a90129997ffff",-51.1994645763747,-30.0198126044157,1260,0,336,0
"709","89a9012aa4bffff",-51.2256234660729,-30.0647440401974,1112,0,67,0
"710","89a90129927ffff",-51.2018796718662,-30.0043408153832,696,1,698,0
"711","89a90129ac7ffff",-51.1477499260251,-30.0200477807342,808,0,46,0
"712","89a901286bbffff",-51.1807605540983,-30.0838234514796,96,0,0,0
"713","89a9012918fffff",-51.1553811956401,-30.0582488961883,400,0,129,0
"714","89a90128e77ffff",-51.2152390888638,-30.0337306675057,1625,0,401,0
"715","89a90128a6bffff",-51.2082791799078,-30.0121235616682,314,0,340,0
"716","89a9012a3afffff",-51.2268574011418,-30.0951363173696,860,0,150,0
"717","89a9012896fffff",-51.2536898375401,-30.0068547512478,0,0,0,0
"718","89a901291cbffff",-51.1432501855355,-30.0592779287887,1552,0,2,0
"719","89a9012a37bffff",-51.2115302181255,-30.0922921091883,379,0,0,0
"720","89a90128277ffff",-51.1735760915454,-30.0567009957989,0,0,6241,1
"721","89a9012ae23ffff",-51.2444852090088,-30.0797676496446,532,0,67,0
"722","89a9012b06bffff",-51.1481282451083,-30.1046205526413,29,0,31,0
"723","89a901282cfffff",-51.1678472170354,-30.0655118398751,592,2,295,0
"724","89a90129eb7ffff",-51.163639483673,-30.0367379426915,494,0,181,0
"725","89a9012825bffff",-51.1616700454421,-30.0632634543765,1103,0,105,0
"726","89a90129883ffff",-51.1755448289786,-30.0301752887893,157,0,223,0
"727","89a9012839bffff",-51.194969338024,-30.0590399506499,863,2,215,2
"728","89a90128133ffff",-51.2221991183798,-30.0553328118544,1586,0,905,0
"729","89a9012b16fffff",-51.1719429984233,-30.0915060821949,40,0,0,0
"730","89a901282a7ffff",-51.1859291399702,-30.0612008757318,194,0,10,0
"731","89a901298b7ffff",-51.1844732945245,-30.0252537186802,917,0,829,0
"732","89a90128273ffff",-51.1705998915945,-30.0583428394032,105,0,5,0
"733","89a90128cd7ffff",-51.2343248964187,-30.0542965086736,0,0,0,0
"734","89a9012aa63ffff",-51.2345492922757,-30.0598236116017,0,0,0,0
"735","89a9012832bffff",-51.1973850924085,-30.0435773548952,2120,0,436,0
"736","89a9012829bffff",-51.1741358562656,-30.0705257938242,720,0,64,0
"737","89a90129e83ffff",-51.1547099274269,-30.0416580969483,289,0,239,0
"738","89a9012aa8bffff",-51.2380856635119,-30.0720003059779,26,0,0,0
"739","89a901286d7ffff",-51.1718312024968,-30.0887447415807,70,0,1,0
"740","89a9012986bffff",-51.1658325829147,-30.0157350549178,1001,0,234,0
"741","89a90128e9bffff",-51.215799628901,-30.0475553184304,884,3,1634,0
"742","89a90128ecfffff",-51.20951230558,-30.0425433391919,1072,1,101,0
"743","89a90129813ffff",-51.1723446715583,-30.0262854254807,234,0,521,0
"744","89a901281d7ffff",-51.2134969776191,-30.0657840573615,762,0,201,0
"745","89a9012983bffff",-51.1750969165934,-30.0191117801105,1388,0,181,0
"746","89a90e92697ffff",-51.1986799736003,-30.0004515770225,344,0,844,4
"747","89a90128e2bffff",-51.2182144714147,-30.0320923256819,380,1,456,0
"748","89a90129b97ffff",-51.1778494159685,-30.0119380700777,418,1,119,0
"749","89a9012846fffff",-51.1927775684534,-30.0800296331344,1109,0,4,0
"750","89a90128347ffff",-51.1884572529626,-30.0484997895683,432,1,162,0
"751","89a9012a323ffff",-51.2236573656283,-30.0912522657395,495,0,19,0
"752","89a90129957ffff",-51.1870010223877,-30.0125480814317,436,0,1208,0
"753","89a9012aa1bffff",-51.2348859315505,-30.0681120002035,368,0,166,0
"754","89a9012836fffff",-51.1912092734734,-30.0413303454546,1622,0,287,0
"755","89a9012aec7ffff",-51.2357839381387,-30.0902158170975,189,0,8,0
"756","89a90128633ffff",-51.1805364904086,-30.0782962671967,0,0,0,0
"757","89a90129a53ffff",-51.1415727813406,-30.0177939158925,433,0,23,0
"758","89a90129aafffff",-51.1596559563917,-30.0134865493183,1787,0,54,0
"759","89a901293b7ffff",-51.1428028033975,-30.0482188624014,212,0,12,0
"760","89a901281bbffff",-51.2224234919816,-30.0608599369743,1186,0,591,0
"761","89a90129a7bffff",-51.1443260403788,-30.0106208989019,306,0,170,0
"762","89a9012ae93ffff",-51.2420710561184,-30.095221976892,659,1,44,0
"763","89a9012a34bffff",-51.2055784621093,-30.0955684068162,3,0,0,0
"764","89a90129a0fffff",-51.1505028015198,-30.0128746382692,1043,0,245,0
"765","89a9012ae3bffff",-51.241509826653,-30.0814110897094,1491,0,15,0
"766","89a90128eb7ffff",-51.2277011860028,-30.0409924799705,846,1,1053,0
"767","89a901284afffff",-51.2052422211064,-30.0872844815125,188,0,28,0
"768","89a90128243ffff",-51.1646468647495,-30.0616218125901,257,0,886,0
"769","89a9012b157ffff",-51.1693022228952,-30.1014364154576,512,0,24,0
"770","89a9012a2afffff",-51.2060268866829,-30.1066181347601,54,0,45,0
"771","89a9012ae53ffff",-51.2296085868582,-30.0879751508911,1681,0,12,0
"772","89a901288dbffff",-51.2274768855413,-30.0354608356298,2467,0,828,0
"773","89a90129a27ffff",-51.1594322555259,-30.0079502415068,1218,0,80,0
"774","89a901285c3ffff",-51.21119380862,-30.0840036845561,580,0,28,0
"775","89a9012822bffff",-51.1765525252691,-30.055063596629,0,0,0,0
"776","89a90129527ffff",-51.1617821828288,-30.0660293269562,1155,1,87,0
"777","89a90128e6bffff",-51.2090638083656,-30.0314844913744,1879,0,271,0
"778","89a90e934b3ffff",-51.159096602366,-29.9996525387998,463,0,382,0
"779","89a90128c0fffff",-51.2369634496983,-30.0443603136898,0,0,NA,NA
"780","89a9012918bffff",-51.1524043231117,-30.0598903292404,537,0,218,0
"781","89a901283dbffff",-51.185817310161,-30.05843502304,463,0,130,0
"782","89a90128317ffff",-51.1977211846398,-30.051874894799,1073,0,191,0
"783","89a90128307ffff",-51.1976090391571,-30.0491090496137,2125,0,294,0
"784","89a901280c3ffff",-51.189577395374,-30.0761402249947,703,0,2,0
"785","89a90129e3bffff",-51.1542623329735,-30.0305990428617,623,0,63,0
"786","89a90129ccbffff",-51.1640871852494,-30.0478014640862,1685,0,58,0
"787","89a90128a47ffff",-51.2085033259438,-30.0176552623094,1025,0,461,0
"788","89a9012a3bbffff",-51.2239938700845,-30.0995406456539,450,0,50,0
"789","89a901280d3ffff",-51.1896893524302,-30.0789060665019,561,0,15,0
"790","89a9012a02bffff",-51.2213548422809,-30.1094674829286,657,0,32,0
"791","89a901286a3ffff",-51.1837370294523,-30.0821858944687,34,0,0,0
"792","89a9012b16bffff",-51.1689663809983,-30.0931478834493,0,0,0,0
"793","89a9012814bffff",-51.2040091492447,-30.0568829173707,1763,0,39,0
"794","89a90129d03ffff",-51.1938488821525,-30.031394981292,602,0,207,0
"795","89a90128e83ffff",-51.2187750895979,-30.0459169659033,824,0,17,0
"796","89a90129c67ffff",-51.1726805561037,-30.0345830574915,123,0,5,0
"797","89a90128663ffff",-51.1712713336703,-30.0749289961084,2645,0,127,0
"798","89a9012b327ffff",-51.1625653544726,-30.0853723525824,0,0,0,0
"799","89a901290a3ffff",-51.1404968088723,-30.066446361154,177,0,0,0
"800","89a9012804fffff",-51.1861531353161,-30.0667280645643,424,0,151,0
"801","89a9012912bffff",-51.154933767596,-30.0471898724412,1434,1,2,0
"802","89a90128563ffff",-51.2137212194403,-30.0713111902893,986,0,4,0
"803","89a9012aa8fffff",-51.241060822569,-30.0703569423025,46,0,0,0
"804","89a90128237ffff",-51.1827288710404,-30.0573112873945,291,0,586,0
"805","89a90129847ffff",-51.1660563347446,-30.0212713443097,210,0,1,0
"806","89a90129a3bffff",-51.1534796004193,-30.0112332398022,186,1,931,0
"807","89a901281a3ffff",-51.2253989045352,-30.0592169247582,1285,0,405,0
"808","89a9012a177ffff",-51.2392081994359,-30.0996266330749,731,0,31,0
"809","89a90129a87ffff",-51.15690339977,-30.0206598806874,1754,0,61,0
"810","89a9012b1b7ffff",-51.1876092549982,-30.1026478991368,95,0,0,0
"811","89a901282a3ffff",-51.1829530028779,-30.0628384852814,58,0,0,0
"812","89a90129143ffff",-51.1430263225269,-30.0537506544554,34,0,0,0
"813","89a901289c7ffff",-51.2542513323768,-30.0206837866391,0,0,1,0
"814","89a90128137ffff",-51.2251746942103,-30.0536898036057,2006,1,189,0
"815","89a90129b93ffff",-51.1748733241787,-30.0135800176415,634,0,0,0
"816","89a901298b3ffff",-51.1814972403144,-30.0268958134583,401,0,1996,0
"817","89a90129bc7ffff",-51.1685850099102,-30.0085615335383,866,0,86,0
"818","89a901280abffff",-51.2014815105737,-30.0695797681155,1383,0,36,0
"819","89a9012854bffff",-51.2047936507342,-30.0762302058386,349,0,41,0
"820","89a90129953ffff",-51.1840250643163,-30.0141902352236,924,0,86,0
"821","89a90129b1bffff",-51.1684730803523,-30.0057956426412,557,0,57,0
"822","89a90128a57ffff",-51.2086154090161,-30.0204211106984,509,0,821,1
"823","89a9012821bffff",-51.1708236765778,-30.0638700593536,907,0,60,0
"824","89a90128343ffff",-51.1854812206755,-30.0501419704153,2127,0,67,0
"825","89a90129eabffff",-51.1574628982238,-30.0344893443677,398,1,38,1
"826","89a9012864bffff",-51.1623416497722,-30.0798451355153,727,0,0,0
"827","89a90128493ffff",-51.19962632164,-30.0988489472576,8,0,0,0
"828","89a901284c7ffff",-51.1933378555418,-30.0938407550796,362,0,0,0
"829","89a90128637ffff",-51.1835128045074,-30.0766587145553,630,0,9,0
"830","89a90128a83ffff",-51.2179900728454,-30.0265606559919,1052,0,1253,0
"831","89a9012b077ffff",-51.1543060597146,-30.106865042049,92,0,5,0
"832","89a90128163ffff",-51.21293632378,-30.0519639466503,839,0,657,0
"833","89a90128ecbffff",-51.2065364768005,-30.0441859960258,126,0,564,1
"834","89a901285abffff",-51.2230964504927,-30.0774412819447,1995,0,7,0
"835","89a90129d6bffff",-51.1874492504159,-30.0236115565993,1203,0,396,0
"836","89a9012958fffff",-51.1561643580244,-30.0775964982538,0,0,8,0
"837","89a90129d37ffff",-51.2027762210918,-30.0264721740586,680,0,1456,0
"838","89a90128063ffff",-51.1921054283959,-30.0634481224014,775,1,86,0
"839","89a9012b38bffff",-51.1539704823037,-30.0985809874584,27,0,0,0
"840","89a90129b0fffff",-51.1713373672238,-30.001387947898,0,0,0,0
"841","89a9012ae27ffff",-51.2474601796684,-30.078128655187,65,0,5,0
"842","89a901285d3ffff",-51.2113060432982,-30.0867649898088,1107,0,9,0
"843","89a9012124fffff",-51.2517826520759,-30.1096337853674,733,1,636,0
"844","89a9012b12fffff",-51.1810966953819,-30.0921119621663,1293,0,67,0
"845","89a90e926d3ffff",-51.1865532163373,-30.0014800729691,0,0,78,0
"846","89a90128093ffff",-51.1988419897571,-30.0795107161864,394,0,81,0
"847","89a901285c7ffff",-51.2141697740796,-30.0823609284712,285,0,99,0
"848","89a9012aa0bffff",-51.2347737152333,-30.0653507093673,121,0,854,0
"849","89a90129ecfffff",-51.1454441841377,-30.0382844651428,783,0,6,0
"850","89a90128697ffff",-51.1809846443786,-30.0893506306278,790,1,156,1
"851","89a90e93483ffff",-51.1531437751984,-30.0029310128029,436,0,117,0
"852","89a90129ec3ffff",-51.1455561635187,-30.0410503633602,2210,0,17,0
"853","89a90129e9bffff",-51.1517332144948,-30.0432995176295,1382,1,127,0
"854","89a90128c0bffff",-51.2339883481208,-30.0460035884853,0,0,18,0
"855","89a90128eb3ffff",-51.2247260201725,-30.0426310341456,551,0,339,0
"856","89a9012807bffff",-51.1891293267456,-30.0650858710411,925,0,51,0
"857","89a90128843ffff",-51.2271403337495,-30.0271678719682,95,0,3883,1
"858","89a90129c63ffff",-51.1697043523,-30.0362248846676,192,0,513,0
"859","89a90129c1bffff",-51.1700400469873,-30.0445179993503,506,0,44,0
"860","89a90129523ffff",-51.1588055014182,-30.0676663908078,211,0,0,0
"861","89a9012a143ffff",-51.2302816400077,-30.1045473613654,770,0,129,0
"862","89a9012a113ffff",-51.2395447261252,-30.1079104456998,735,0,4,0
"863","89a9012b153ffff",-51.1663255816067,-30.1030736430868,26,0,0,0
"864","89a901285afffff",-51.2260720217753,-30.0757982567137,1368,0,13,0
"865","89a9012857bffff",-51.2107452422432,-30.0729494257147,760,0,40,0
"866","89a90128197ffff",-51.2226478925706,-30.0663870569381,203,1,11,0
"867","89a9012b30bffff",-51.1506580646145,-30.091929284727,99,0,0,0
"868","89a9012ae57ffff",-51.2325840393186,-30.0863319803548,597,0,122,0
"869","89a901290a7ffff",-51.1434737570294,-30.0648097106112,201,0,0,0
"870","89a90e9245bffff",-51.2017677964527,-30.0015749535425,90,2,277,0
"871","89a90129823ffff",-51.1780731774149,-30.017474340489,925,1,43,1
"872","89a90128a53ffff",-51.2056398997862,-30.0220637502215,931,0,163,0
"873","89a90e93453ffff",-51.1407903569317,-29.9984279935633,9,0,1912,0
"874","89a9012804bffff",-51.1831768370823,-30.0683656784859,865,1,34,0
"875","89a90128313ffff",-51.1947451969928,-30.053512771959,640,1,148,0
"876","89a90128a0bffff",-51.2115908199027,-30.0187784039577,351,0,1541,0
"877","89a901280c7ffff",-51.1925534950827,-30.07450246803,536,1,93,1
"878","89a901284dbffff",-51.1873854108305,-30.0971207432309,31,0,0,0
"879","89a9012b227ffff",-51.1417268105549,-30.0968485308336,108,0,0,0
"880","89a9012b10bffff",-51.1722790823615,-30.0997946077211,934,0,33,0
"881","89a90128567ffff",-51.2166967642683,-30.0696683758773,1277,1,37,2
"882","89a9012814fffff",-51.2069847594002,-30.0552448321613,1356,0,327,0
"883","89a90129c07ffff",-51.175992847369,-30.041238776932,687,0,256,0
"884","89a90129c9bffff",-51.1733521719011,-30.0511737750423,102,0,69,0
"885","89a90129ccfffff",-51.1670638273829,-30.0461597652071,838,0,16,0
"886","89a9012a12bffff",-51.242183514805,-30.0979832476563,944,1,261,1
"887","89a9012a3d3ffff",-51.2120909206088,-30.106103116529,27,0,3,0
"888","89a9012d6d3ffff",-51.2506028946495,-30.0057325944478,0,0,0,0
"889","89a90129d07ffff",-51.196824865134,-30.0297526085685,694,0,256,0
"890","89a90128067ffff",-51.1950814229773,-30.0618057941861,897,0,51,0
"891","89a90129bc3ffff",-51.1656088649726,-30.0102032726714,839,0,518,0
"892","89a90129c03ffff",-51.1730165002173,-30.0428806779537,478,0,106,0
"893","89a9012854fffff",-51.2077695004184,-30.0745921055429,172,0,30,0
"894","89a9012912fffff",-51.1579102192807,-30.0455483804644,985,1,195,0
"895","89a901291bbffff",-51.1583579769478,-30.0566119079358,67,0,830,0
"896","89a9012accbffff",-51.2513336633724,-30.0985842374233,532,0,5,0
"897","89a9012982fffff",-51.1779612893505,-30.0147039497892,459,1,93,1
"898","89a90129b33ffff",-51.1774013405986,-30.0008745392748,0,0,0,0
"899","89a90129177ffff",-51.1519568933981,-30.0488312973715,2543,0,25,0
"900","89a9012a173ffff",-51.2362327746045,-30.1012654390431,713,0,13,0
"901","89a9012a1a7ffff",-51.2515581497885,-30.1041112700767,501,0,119,0
"902","89a90128167ffff",-51.215911953547,-30.0503211468777,908,0,195,0
"903","89a9012ae0fffff",-51.2385346590795,-30.0830499497505,829,0,61,1
"904","89a90129e6fffff",-51.1479736497881,-30.0255795873783,495,0,42,0
"905","89a90129a6fffff",-51.1471908865897,-30.0062137292717,530,0,24,0
"906","89a90128813ffff",-51.236402262201,-30.0305357574662,416,0,919,0
"907","89a901291d7ffff",-51.1494276696119,-30.0615271822133,639,1,635,1
"908","89a9012a117ffff",-51.2425202940462,-30.1062715655913,588,0,176,1
"909","89a90129d6fffff",-51.1904251166134,-30.0219738394942,1120,0,894,0
"910","89a9012864fffff",-51.1653183118907,-30.078207993897,1663,0,4,0
"911","89a90128597ffff",-51.2234331779503,-30.0857296806414,1256,0,4,0
"912","89a9012847bffff",-51.1899136022114,-30.0844332329654,309,0,1597,2
"913","89a90129c33ffff",-51.1789687720141,-30.0395968089946,1098,0,126,0
"914","89a901280afffff",-51.2044575411853,-30.0679417413071,551,0,103,0
"915","89a9012b1b3ffff",-51.1846328815148,-30.1042855401489,0,0,0,0
"916","89a9012b38fffff",-51.1569475115031,-30.0969395257535,29,0,0,0
"917","89a90e934b7ffff",-51.1620728652402,-29.9980109446403,14,0,0,0
"918","89a9012915bffff",-51.1400493728662,-30.0553872969258,218,0,0,0
"919","89a90e92447ffff",-51.2077185986582,-29.9982897757678,4,0,5,0
"920","89a9012a217ffff",-51.2000747499101,-30.1098986919849,232,0,1,0
"921","89a9012ae87ffff",-51.2449343085537,-30.0908172555788,167,0,9,0
"922","89a9012aa0fffff",-51.2377490556584,-30.0637074191729,0,0,0,0
"923","89a90128ab3ffff",-51.2239408496991,-30.0232747541604,52,0,14,0
"924","89a90128497ffff",-51.2026022835717,-30.0972109670735,145,0,1,0
"925","89a9012824fffff",-51.164534984969,-30.0588604527181,0,0,144,0
"926","89a90129e7bffff",-51.1451086094369,-30.0299867624559,648,0,50,0
"927","89a9012826bffff",-51.1673993398412,-30.0544528748129,240,1,180,0
"928","89a90128677ffff",-51.1743598686488,-30.0760529966252,1109,1,0,0
"929","89a9012860bffff",-51.1714951980408,-30.0804562006736,1320,0,0,0
"930","89a9012989bffff",-51.1725688040462,-30.0318171811542,166,0,8,0
"931","89a9012aa57ffff",-51.231798589933,-30.0669894195502,279,0,52,0
"932","89a90128c73ffff",-51.2338761753648,-30.0432377750948,2,0,0,0
"933","89a9012a333ffff",-51.2237696419043,-30.0940180682872,633,1,87,0
"934","89a90129d17ffff",-51.1969369638422,-30.0325184627598,485,0,243,0
"935","89a90e9268bffff",-51.1925045267941,-29.9982000929202,124,0,844,0
"936","89a90128107ffff",-51.2192237582802,-30.056971240087,1550,0,56,0
"937","89a901282d3ffff",-51.1680708672529,-30.0710390590084,794,1,15,0
"938","89a90128c5bffff",-51.2249501867057,-30.0481626778515,306,0,962,0
"939","89a90128033ffff",-51.2013695710181,-30.0668184458902,815,0,1,0
"940","89a90128cc3ffff",-51.2312373424353,-30.0531739113216,0,0,51,0
"941","89a901283c3ffff",-51.1887932598844,-30.0567928360859,663,0,1898,0
"942","89a901299dbffff",-51.1842491661274,-30.019721979521,1009,0,141,0
"943","89a901283a7ffff",-51.2067606000063,-30.0497131605474,537,0,422,0
"944","89a90129147ffff",-51.1460034916617,-30.052109431897,623,0,21,0
"945","89a90128213ffff",-51.1739121867213,-30.0649940732248,571,0,137,0
"946","89a9012867bffff",-51.1682948681428,-30.0765662726015,1417,0,36,0
"947","89a90128017ffff",-51.1985057149374,-30.0712222393363,855,0,13,0
"948","89a901281c7ffff",-51.2133846998482,-30.0630182331135,597,0,207,0
"949","89a90128283ffff",-51.1771123608693,-30.0688838720043,656,0,106,0
"950","89a9012a067ffff",-51.2182670119724,-30.10834459616,362,0,16,1
"951","89a9012a36fffff",-51.2143937723341,-30.0878880464739,711,0,20,0
"952","89a90129ab7ffff",-51.1628561787555,-30.0173767310015,803,0,248,0
"953","89a901286cbffff",-51.1656541171086,-30.086496555019,2,0,0,0
"954","89a90128087ffff",-51.2017057431337,-30.0751069204424,279,0,395,0
"955","89a9012957bffff",-51.1466743528886,-30.0686957405761,388,0,51,0
"956","89a90e93493ffff",-51.153255606984,-30.0057014313997,519,0,189,0
"957","89a9012ac53ffff",-51.2512212739483,-30.0958229755638,139,0,31,0
"958","89a9012b3c3ffff",-51.1479046463782,-30.0990933252824,0,0,0,0
"959","89a9012858bffff",-51.2172573979062,-30.0834839191219,1028,0,8,0
"960","89a9012840fffff",-51.1960897953973,-30.0866757679521,364,0,0,0
"961","89a90e934cfffff",-51.1438787676939,-29.9995527294322,518,0,59,0
"962","89a9012a3d7ffff",-51.2150668820316,-30.1044603435646,0,0,34,0
"963","89a9012a22fffff",-51.2027146210737,-30.0999722746603,51,0,0,0
"964","89a90128e3bffff",-51.2183265088519,-30.0348536466127,0,0,35,0
"965","89a9012ae6fffff",-51.2352226424928,-30.0764048894077,66,0,0,0
"966","89a90128357ffff",-51.1885691434034,-30.0512656439289,1279,0,187,0
"967","89a90129c43ffff",-51.1638634833389,-30.0422697057511,681,0,28,0
"968","89a90166db7ffff",-51.1420202126906,-30.0288620627236,322,0,142,0
"969","89a9012916bffff",-51.1457798177962,-30.0465821563152,1388,0,17,1
"970","89a90128623ffff",-51.1804247968797,-30.0755349288005,928,0,8,0
"971","89a9012996fffff",-51.1896409447434,-30.0026082464889,472,0,856,0
"972","89a90128a77ffff",-51.2144542223187,-30.0143742978311,5,0,1,0
"973","89a90129d87ffff",-51.2001366591655,-30.0364077216292,1459,0,350,0
"974","89a9012801bffff",-51.1924414640405,-30.0717366274348,570,0,64,0
"975","89a9012aa7bffff",-51.2315740036829,-30.0614623177976,529,0,543,0
"976","89a90129e93ffff",-51.154821844223,-30.0444239853352,723,0,27,5
"977","89a901283abffff",-51.2006970650023,-30.0502324380903,1225,1,202,0
"978","89a90128c57ffff",-51.2310131375731,-30.0476422838629,143,0,984,0
"979","89a90129babffff",-51.1775135115133,-30.0036404236819,152,0,257,0
"980","89a901295a7ffff",-51.1650944722626,-30.0726807760002,2289,0,1,0
"981","89a90128693ffff",-51.1780082417969,-30.0909926363648,523,0,5,0
"982","89a90128a07ffff",-51.2176536875251,-30.0182631415177,0,0,0,0
"983","89a9012b357ffff",-51.1476810806022,-30.093570605033,124,0,0,0
"984","89a9012a15bffff",-51.2273062439948,-30.1061859649345,751,0,167,0
"985","89a9012aa93ffff",-51.2412853110164,-30.07588401859,402,0,97,0
"986","89a9012a337ffff",-51.2267450477589,-30.0923750305859,538,0,9,0
"987","89a9012b177ffff",-51.1751436224792,-30.0953913983423,816,0,0,0
"988","89a90128103ffff",-51.2162483097424,-30.0586141133119,823,0,201,0
"989","89a90129ab3ffff",-51.1598800004198,-30.0190183393309,3449,1,153,0
"990","89a901282d7ffff",-51.1710474957688,-30.0694017864153,1996,0,45,0
"991","89a90129d13ffff",-51.1939609003585,-30.0341608376882,1307,0,165,0
"992","89a90e92457ffff",-51.2078306348198,-30.0010556331716,17,0,89,0
"993","89a9012812bffff",-51.2189995725563,-30.0514441053018,2050,0,445,0
"994","89a90128143ffff",-51.2070971639664,-30.0580061532889,615,1,28,0
"995","89a90129adbffff",-51.1417964871442,-30.0233302480048,386,0,7,1
"996","89a901298afffff",-51.1812732729014,-30.0213640699376,410,0,1948,1
"997","89a9012ae1bffff",-51.2356716675827,-30.0874545365816,594,0,39,0
"998","89a90128d6bffff",-51.251501178194,-30.0278545511676,253,1,47,0
"999","89a90128673ffff",-51.1713834207881,-30.0776903427047,1326,1,114,0
"1000","89a90128ed7ffff",-51.2127121664082,-30.0464322834521,1089,1,2670,0
"1001","89a9012819bffff",-51.2165847265107,-30.0669070681483,292,0,42,0
"1002","89a90129d83ffff",-51.1971608571728,-30.0380501677681,1554,0,160,1
"1003","89a90128c77ffff",-51.2368511964911,-30.0415945025807,0,0,0,0
"1004","89a90128287ffff",-51.1800887669861,-30.0672418827855,694,0,49,0
"1005","89a90129cb3ffff",-51.1822810030125,-30.0462523635212,544,0,256,0
"1006","89a90129d67ffff",-51.1935128675449,-30.0230974043876,1242,0,886,0
"1007","89a901286cfffff",-51.1686305986384,-30.0848593399075,271,0,0,0
"1008","89a9012a263ffff",-51.193674111436,-30.1021292177168,105,0,6,0
"1009","89a901281c3ffff",-51.2104089738431,-30.0646609740487,307,1,58,0
"1010","89a90129983ffff",-51.1963765370905,-30.0186891789386,1655,1,833,0
"1011","89a9012b06fffff",-51.1511055520039,-30.1029792238606,146,0,0,0
"1012","89a90128e17ffff",-51.2185509478224,-30.0403853085684,721,1,390,0
"1013","89a90128e5bffff",-51.2033366048485,-30.0402968992271,839,0,370,1
"1014","89a90129e57ffff",-51.1453325354378,-30.0355185652877,615,0,14,0
"1015","89a9012a02fffff",-51.2243304251632,-30.1078245017661,357,1,35,0
"1016","89a9012a063ffff",-51.2152909781891,-30.1099829287588,116,0,0,0
"1017","89a90128217ffff",-51.176888538028,-30.0633566679765,446,0,18,4
"1018","89a9012ae8bffff",-51.238871398685,-30.0913382972242,1095,1,90,0
"1019","89a9012acdbffff",-51.2514460710465,-30.1013500101827,355,0,215,0
"1020","89a9012b35bffff",-51.1416148681185,-30.0940826527003,56,0,6,0
"1021","89a90128ec3ffff",-51.2096244490359,-30.0453091759882,2099,0,361,1
"1022","89a901284cfffff",-51.1902495361581,-30.0927217176178,0,0,0,0
"1023","89a901284bbffff",-51.2023782681258,-30.09168383483,22,0,0,0
"1024","89a90128e73ffff",-51.2122636177862,-30.0353734543607,1548,0,672,0
"1025","89a90129987ffff",-51.199352423926,-30.017046747289,1472,0,1178,0
"1026","89a9012806fffff",-51.1919934240411,-30.0606822766632,2237,0,179,1
"1027","89a90128a03ffff",-51.2146783927854,-30.0199059849009,115,0,174,0
"1028","89a9012a3dbffff",-51.2090029741517,-30.1049800109397,0,0,0,0
"1029","89a90129197ffff",-51.1585817260184,-30.0621391519315,455,1,92,0
"1030","89a9012885bffff",-51.2241652458897,-30.0288064153766,918,0,5411,1
"1031","89a901299a3ffff",-51.2022159862511,-30.012638392192,505,0,856,0
"1032","89a90129d4fffff",-51.1845850445969,-30.0280195867874,890,1,118,0
"1033","89a9012a137ffff",-51.2483584829844,-30.1002278291459,1636,0,178,0
"1034","89a901281a7ffff",-51.2283742289082,-30.0575783575433,1253,0,501,1
"1035","89a9012aedbffff",-51.2298327992548,-30.0934977223282,689,0,172,0
"1036","89a9012b39bffff",-51.1540824429786,-30.1013423401401,49,0,0,0
"1037","89a90128303ffff",-51.1946331320769,-30.050746924564,800,0,144,0
"1038","89a901280d7ffff",-51.1926655240596,-30.0772637951114,625,1,100,0
"1039","89a9012b373ffff",-51.1505462108976,-30.0891679248042,0,0,0,0
"1040","89a9012aeb3ffff",-51.2479092768066,-30.089178252505,0,0,120,0
"1041","89a90128233ffff",-51.1797528050196,-30.0589533374594,318,0,202,0
"1042","89a901290afffff",-51.1403849448338,-30.0636849812005,39,0,12,0
"1043","89a90128a73ffff",-51.211478656414,-30.016012557801,913,1,338,0
"1044","89a9012996bffff",-51.186665002205,-30.0042504614513,397,0,281,0
"1045","89a90128e03ffff",-51.2154633534379,-30.0392623365337,150,0,179,0
"1046","89a90e924afffff",-51.2229314006487,-29.9983822148321,66,0,0,0
"1047","89a90128a9bffff",-51.2150148609301,-30.0282035055751,2885,0,522,2
"1048","89a90129b0bffff",-51.1683611573936,-30.0030297504622,90,0,854,0
"1049","89a9012b303ffff",-51.1537468980207,-30.0930537656553,37,0,0,0
"1050","89a90128d47ffff",-51.2517258200725,-30.0333861554715,0,0,0,0
"1051","89a901280bbffff",-51.2015937902001,-30.0723456007874,369,0,101,0
"1052","89a90129183ffff",-51.1554931519029,-30.0610147768906,244,0,70,1
"1053","89a90129c7bffff",-51.1667280426098,-30.0378621322214,392,0,177,0
"1054","89a901295a3ffff",-51.1621176471951,-30.074317913725,555,0,27,0
"1055","89a90129e97ffff",-51.157798546591,-30.0427870073601,957,0,221,0
"1056","89a901669b7ffff",-51.1412376053184,-30.0094961762028,230,1,175,0
"1057","89a9012a123ffff",-51.2452709642354,-30.0991055749671,958,0,5,0
"1058","89a9012b103ffff",-51.1753674298947,-30.1009185784902,21,0,0,0
"1059","89a90129127ffff",-51.1609986711094,-30.0466772148888,1291,0,0,0
"1060","89a901282bbffff",-51.1799767757491,-30.0644805397054,544,0,95,0
"1061","89a90129bafffff",-51.1804892637266,-30.0019984153359,19,0,148,0
"1062","89a90129c97ffff",-51.1794168864905,-30.0506557560966,91,0,2,0
"1063","89a9012826fffff",-51.1703758088684,-30.0528156147471,420,0,169,1
"1064","89a9012b19bffff",-51.1757035031521,-30.1092025703409,30,0,0,0
"1065","89a90e92453ffff",-51.2048553644835,-30.0026982576268,116,0,358,0
"1066","89a90129857ffff",-51.1661682167977,-30.0240372309452,0,0,0,0
"1067","89a9012865bffff",-51.162453502512,-30.0826110008045,34,0,0,0
"1068","89a9012aea3ffff",-51.2477969951153,-30.0864169831647,0,0,0,0
"1069","89a90128227ffff",-51.1826171351382,-30.0545454299533,1031,0,169,0
"1070","89a90128e4fffff",-51.2062003282121,-30.0358884712198,1357,0,506,1
"1071","89a90129a2bffff",-51.1533677624353,-30.0084673360522,547,0,113,0
"1072","89a9012b07bffff",-51.1482400509517,-30.1073819082935,0,0,0,0
"1073","89a90128557ffff",-51.2109696741195,-30.0784765574508,246,0,97,0
"1074","89a90129e53ffff",-51.1423555259385,-30.0371597755622,461,1,34,0
"1075","89a90128ed3ffff",-51.2097362750445,-30.0480750120128,874,1,1997,1
"1076","89a9012911bffff",-51.1492037821024,-30.0559999210901,1175,1,174,0
"1077","89a90129d5bffff",-51.1817212342803,-30.0324275518421,1001,0,213,0
"1078","89a901281b3ffff",-51.2255111870384,-30.0619827392366,567,0,168,0
"1079","89a901284cbffff",-51.1872731786734,-30.0943594199214,23,0,0,0
"1080","89a90129a43ffff",-51.141460941453,-30.0150280040567,600,0,16,0
"1081","89a9012a11bffff",-51.2364570660075,-30.1067879864658,1209,0,43,0
"1082","89a90e924c7ffff",-51.2110303936127,-30.0049491597725,0,0,5,0
"1083","89a90128ac3ffff",-51.2088395952762,-30.0259528036126,544,0,4761,1
"1084","89a9012a16fffff",-51.2360081860018,-30.0957428870437,144,0,29,0
"1085","89a90129a97ffff",-51.1570153511248,-30.0234257759076,896,0,27,0
"1086","89a9012812fffff",-51.2219747616922,-30.0498011693419,1755,0,352,0
"1087","89a90128e67ffff",-51.2151268046116,-30.0309648313228,2320,0,224,0
"1088","89a90129937ffff",-51.2019918779842,-30.0071066754405,409,0,772,0
"1089","89a9012838bffff",-51.1948572685885,-30.0562786180672,874,0,222,0
"1090","89a901298abffff",-51.1782972813825,-30.0230060930525,1655,0,129,0
"1091","89a9012916fffff",-51.1487564032318,-30.044940870876,834,0,54,0
"1092","89a90128503ffff",-51.2170332519853,-30.0779568030305,738,0,25,0
"1093","89a90128e13ffff",-51.2155753337445,-30.0420281693793,3650,0,513,1
"1094","89a90129d73ffff",-51.1906489453968,-30.0275055656798,754,0,392,0
"1095","89a90129597ffff",-51.1593648966559,-30.0814867219083,0,0,0,0
"1096","89a90128483ffff",-51.1995143957393,-30.096087635668,65,0,0,0
"1097","89a901291cfffff",-51.1462268741561,-30.057641214979,679,1,54,1
"1098","89a9012b237ffff",-51.1418384287767,-30.0996098958135,528,1,66,0
"1099","89a9012b1abffff",-51.1814325721769,-30.1004004617509,0,0,0,0
"1100","89a90128477ffff",-51.1959779834675,-30.0839144477307,188,0,75,0
"1101","89a9012950fffff",-51.1528518510052,-30.0709448283902,954,0,1,1
"1102","89a90129b23ffff",-51.1772894922983,-29.9981041408629,0,0,0,0
"1103","89a90129e2fffff",-51.1571273090584,-30.026191669847,0,0,9,0
"1104","89a90129e8fffff",-51.1545980242115,-30.0388967195429,873,0,94,0
"1105","89a901298c3ffff",-51.1663923247984,-30.0295689999606,177,0,298,0
"1106","89a90129b77ffff",-51.1712253704178,-29.9986220565919,0,0,24,0
"1107","89a90129b17ffff",-51.1745373370656,-30.0052823651778,464,1,443,0
"1108","89a9012984fffff",-51.1629682911695,-30.0201426219436,811,0,95,0
"1109","89a90129ea3ffff",-51.1605513182933,-30.0356136798041,351,0,31,0
"1110","89a9012805bffff",-51.183288930426,-30.0711315290538,3168,0,11,0
"1111","89a9012910fffff",-51.1520687427001,-30.0515971853218,1177,0,23,2
"1112","89a90128423ffff",-51.202041975491,-30.0833953834232,291,0,0,0
"1113","89a9012813bffff",-51.2191116670195,-30.0542099294561,1213,1,2401,0
"1114","89a90129537ffff",-51.1618939952495,-30.0687906864122,850,0,10,0
"1115","89a90129867ffff",-51.1718971341365,-30.0152218978907,1926,0,108,0
"1116","89a90128083ffff",-51.1987297863826,-30.0767493960936,645,0,150,1
"1117","89a90128ec7ffff",-51.2125999357279,-30.0436664501813,1059,1,238,3
"1118","89a9012ae2fffff",-51.2443727107132,-30.0770063734367,31,0,30,1
"1119","89a9012ae97ffff",-51.2450465277259,-30.0935830381337,614,0,55,0
"1120","89a90129eb3ffff",-51.1606630655866,-30.0383795655964,277,0,26,0
"1121","89a901285b3ffff",-51.2262963401611,-30.0813253572335,1444,2,76,0
"1122","89a9012b14fffff",-51.1661016230531,-30.0975464482522,4,0,0,0
"1123","89a9012806bffff",-51.1890174115818,-30.0623245353442,1194,0,181,0
"1124","89a90129e43ffff",-51.1422436402788,-30.0343938726781,211,0,2,1
"1125","89a9012a10bffff",-51.2363450790884,-30.1040267131077,1080,0,388,0
"1126","89a901291dbffff",-51.1433618059035,-30.0620438205165,1236,0,4,0
"1127","89a9012ae47ffff",-51.2324718627887,-30.083570694977,235,1,141,1
"1128","89a901288cfffff",-51.2303400579271,-30.031056396122,1854,0,4795,1
"1129","89a90129aa3ffff",-51.1597679751122,-30.0162524449651,465,0,352,1
"1130","89a90128a4fffff",-51.2054155771328,-30.0165320482117,768,0,530,0
"1131","89a9012a207ffff",-51.1999624728881,-30.1071373860299,30,0,6,0
"1132","89a9012a133ffff",-51.2453831926968,-30.1018668414472,606,1,85,0
"1133","89a90129a8bffff",-51.150838437287,-30.021172347829,493,0,203,0
"1134","89a90128157ffff",-51.2101849238283,-30.0591293166862,709,0,35,0
"1135","89a90128eabffff",-51.2215261393159,-30.0387423810758,1443,0,646,0
"1136","89a90129803ffff",-51.172232939331,-30.0235195452951,299,0,140,0
"1137","89a90128a63ffff",-51.2113664996396,-30.0132467103559,88,0,627,0
"1138","89a901280cbffff",-51.1864893361377,-30.0750165818384,962,0,2,0
"1139","89a9012b113ffff",-51.1754796639104,-30.1036799100999,0,0,0,0
"1140","89a9012846bffff",-51.1898016318139,-30.0816673940297,93,0,1,0
"1141","89a9012a383ffff",-51.2211304103445,-30.1039449093209,366,0,24,0
"1142","89a90129dd3ffff",-51.1881213059446,-30.0402067314911,1360,0,150,0
"1143","89a9012b163ffff",-51.1720551252755,-30.0942674211041,272,0,23,0
"1144","89a90129187ffff",-51.1584696824986,-30.0593732746452,276,1,194,1
"1145","89a9012a127ffff",-51.2482461740315,-30.0974665649735,393,0,70,0
"1146","89a9012b2a3ffff",-51.1420620156257,-30.1051371338133,651,0,0,0
"1147","89a90129193ffff",-51.1556047834767,-30.06377614445,893,0,70,0
"1148","89a9012820fffff",-51.1736882273364,-30.0594668601622,0,0,0,0
"1149","89a90128a13ffff",-51.2147906501371,-30.0226718262382,278,0,223,0
"1150","89a901298c7ffff",-51.1693683852767,-30.0279272466031,407,0,512,0
"1151","89a90129bd3ffff",-51.1657207206482,-30.0129691644353,790,0,379,0
"1152","89a9012956fffff",-51.1495394644957,-30.0642930671641,453,0,96,0
"1153","89a90129ea7ffff",-51.1635276557994,-30.0339720590371,680,1,144,0
"1154","89a9012b1c7ffff",-51.1725027416125,-30.1053217896326,218,0,0,0
"1155","89a9012838fffff",-51.1978333278436,-30.054636226456,649,0,602,0
"1156","89a90129c47ffff",-51.166839964263,-30.0406280111658,620,0,590,0
"1157","89a9012860fffff",-51.1744717186924,-30.0788143402019,576,0,4,0
"1158","89a9012a16bffff",-51.2330328237342,-30.0973816211756,1839,1,82,0
"1159","89a90129a2fffff",-51.1563440585862,-30.0068258727097,769,0,35,0
"1160","89a90129c8bffff",-51.1732403801626,-30.048407906402,970,0,74,0
"1161","89a90128c4bffff",-51.2248382621424,-30.0453968563669,1743,0,324,0
"1162","89a90128553ffff",-51.2079937617521,-30.0801147295276,652,1,355,0
"1163","89a9012800bffff",-51.1923294484004,-30.0689752977854,501,1,27,0
"1164","89a90128023ffff",-51.2012573047974,-30.0640526106437,1191,0,65,0
"1165","89a90128ac7ffff",-51.2118151670281,-30.0243100924057,825,1,2802,0
"1166","89a9012b1afffff",-51.1844088827706,-30.0987628925362,172,0,0,0
"1167","89a90129c2fffff",-51.1787449125962,-30.0340650713933,460,0,1424,0
"1168","89a9012853bffff",-51.2198968013374,-30.0735526129777,1389,0,5,0
"1169","89a90129933ffff",-51.1990163307262,-30.0087491676991,226,0,840,0
"1170","89a9012984bffff",-51.1599917082362,-30.0217842328095,1137,0,40,0
"1171","89a901283b7ffff",-51.2068726763491,-30.0524789969986,1518,1,135,0
"1172","89a90128cc7ffff",-51.2342127033406,-30.0515306991577,0,0,0,0
"1173","89a90e9269bffff",-51.192616789043,-30.0009659642711,269,0,311,0
"1174","89a9012858fffff",-51.2202332567554,-30.0818455384024,846,0,517,0
"1175","89a90128e4bffff",-51.2032246425219,-30.0375310541163,1831,0,426,0
"1176","89a90129b73ffff",-51.1682492410329,-30.0002638570015,0,0,370,0
"1177","89a9012833bffff",-51.1974972245225,-30.0463432026545,842,0,638,0
"1178","89a90128223ffff",-51.1796408255366,-30.0561874782898,1010,0,43,0
"1179","89a901281b7ffff",-51.2284865815779,-30.0603396575226,601,0,2940,1
"1180","89a90e924c3ffff",-51.2080550606746,-30.0065918558764,12,0,978,0
"1181","89a90129ca7ffff",-51.1851451910494,-30.0418489062336,1738,0,646,0
"1182","89a90129e2bffff",-51.1541504490367,-30.0278331480736,867,0,0,0
"1183","89a9012ae2bffff",-51.2413977220891,-30.0786452983924,773,1,199,0
"1184","89a90129dbbffff",-51.200024790718,-30.033641871731,1135,0,570,0
"1185","89a90129e47ffff",-51.1452205691602,-30.0327526645115,628,1,49,0
"1186","89a901285b7ffff",-51.2292719842801,-30.0796867724229,852,0,19,0
"1187","89a9012b167ffff",-51.1750317326908,-30.0926300624542,1093,0,29,1
"1188","89a90129863ffff",-51.1689208458398,-30.0168637108121,358,0,266,0
"1189","89a9012991bffff",-51.1900890906759,-30.0136717287742,1944,0,139,0
"1190","89a90e926c3ffff",-51.1864411215435,-29.9987141959403,3,0,0,0
"1191","89a9012a36bffff",-51.2114179604014,-30.0895262942969,425,0,98,1
"1192","89a90128c67ffff",-51.2367389607952,-30.0388332024193,0,0,51,0
"1193","89a90128a4bffff",-51.2024401304291,-30.0181746160609,1061,1,1003,1
"1194","89a9012a203ffff",-51.1969864949818,-30.1087753050003,130,0,0,0
"1195","89a90129533ffff",-51.1589172404808,-30.0704322646417,302,0,0,0
"1196","89a90129c2bffff",-51.1757688249179,-30.035707035428,676,0,1180,0
"1197","89a90128427ffff",-51.2050180846393,-30.0817573459968,709,0,7,0
"1198","89a90129aa7ffff",-51.1627443969967,-30.014610838377,2328,0,101,0
"1199","89a9012a1cfffff",-51.2334817166033,-30.1084312413501,595,0,11,0
"1200","89a9012818fffff",-51.2194479709367,-30.062498369719,1120,0,1,0
"1201","89a90e93497ffff",-51.1562321466729,-30.0040599698053,841,2,98,0
"1202","89a901288cbffff",-51.2273645833873,-30.0326950118031,4730,1,1952,0
"1203","89a9012880bffff",-51.2332029674924,-30.0266473804471,2,0,0,0
"1204","89a9012ae43ffff",-51.2294964803809,-30.0852093510291,1556,2,100,0
"1205","89a90129807ffff",-51.175209046796,-30.0218776589894,461,0,114,0
"1206","89a90129b5bffff",-51.1593205805809,-30.0051843416235,1066,0,101,0
"1207","89a9012a10fffff",-51.239320260096,-30.1023879054372,1100,0,21,0
"1208","89a90129d77ffff",-51.193624865747,-30.0258632646416,1318,0,206,0
"1209","89a9012b14bffff",-51.163125052304,-30.0991881163201,4,0,0,0
"1210","89a90128627ffff",-51.1834010221073,-30.0738928661044,1073,0,22,0
"1211","89a90129dd7ffff",-51.1910973224508,-30.0385644894307,1216,0,184,0
"1212","89a90128a67ffff",-51.2143419851377,-30.0116084526272,0,0,0,0
"1213","89a90128353ffff",-51.1855930305358,-30.0529078269612,2457,1,101,0
"1214","89a90128d7bffff",-51.2516134957233,-30.0306203539667,266,0,0,0
"1215","89a9012a387ffff",-51.2241061564693,-30.1023019321286,302,0,84,1
"1216","89a90129bbbffff",-51.1776253650321,-30.0064063072428,637,1,566,0
"1217","89a9012aa43ffff",-51.2287109933625,-30.0658667664047,970,0,88,0
"1218","89a9012820bffff",-51.1707116225482,-30.0611087063513,38,1,36,0
"1219","89a9012840bffff",-51.1931137241896,-30.0883181150422,535,0,0,0
"1220","89a90128eafffff",-51.2245015666708,-30.0371038980757,2273,0,608,0
"1221","89a90129bd7ffff",-51.1686969460687,-30.0113274231536,500,0,895,0
"1222","89a90128153ffff",-51.207209260441,-30.0607719858761,1696,0,81,0
"1223","89a90129133ffff",-51.1581339228521,-30.0510801469581,432,0,2,0
"1224","89a9012ac43ffff",-51.251108891351,-30.0930617124121,0,0,19,0
"1225","89a90129a47ffff",-51.1444379542806,-30.0133868099116,1309,0,194,0
"1226","89a90128883ffff",-51.2396018072037,-30.0344240530371,3920,1,274,0
"1227","89a90166da7ffff",-51.1419083466478,-30.0260961560035,795,0,60,0
