agency_id,agency_name,route_id,route_short_name,route_long_name,mode,route_fare,fare_type
TRENS,TRENSURB,LINHA1,LINHA1,ESTACAO MERCADO ATE ESTACAO NOVO HAMBURGO,RAIL,4.8,RAIL
TRENS,TRENSURB,LINHAAERO,AREO,AEROMOVEL TRENSURB,RAIL,4.8,RAIL
EPTC,Empresa Publica de Transportes e Circulação,1112,1112,HIPICA / TRISTEZA,BUS,4.8,BUS
EPTC,Empresa Publica de Transportes e Circulação,149,149,ICARAI,BUS,4.8,BUS
EPTC,Empresa Publica de Transportes e Circulação,165,165,COHAB,BUS,4.8,BUS
EPTC,Empresa Publica de Transportes e Circulação,168,168,BELEM NOVO(VIA TRISTEZA),BUS,4.8,BUS
EPTC,Empresa Publica de Transportes e Circulação,173,173,CAMAQUA,BUS,4.8,BUS
EPTC,Empresa Publica de Transportes e Circulação,1761,1761,SERRARIA / RODOVIARIA / VIA MENDES OURIQUES,BUS,4.8,BUS
EPTC,Empresa Publica de Transportes e Circulação,179,179,SERRARIA,BUS,4.8,BUS
EPTC,Empresa Publica de Transportes e Circulação,1795,1795,SERRARIA / GUAIBA / DIARIO,BUS,4.8,BUS
EPTC,Empresa Publica de Transportes e Circulação,186,186,LIBERAL,BUS,4.8,BUS
EPTC,Empresa Publica de Transportes e Circulação,187,187,PADRE REUS,BUS,4.8,BUS
EPTC,Empresa Publica de Transportes e Circulação,188,188,ASSUNCAO,BUS,4.8,BUS
EPTC,Empresa Publica de Transportes e Circulação,195,195,T V,BUS,4.8,BUS
EPTC,Empresa Publica de Transportes e Circulação,210,210,RESTINGA NOVA,BUS,4.8,BUS
EPTC,Empresa Publica de Transportes e Circulação,211,211,RESTINGA VELHA,BUS,4.8,BUS
EPTC,Empresa Publica de Transportes e Circulação,244,244,SANTA TERESA,BUS,4.8,BUS
EPTC,Empresa Publica de Transportes e Circulação,2441,2441,SANTA TERESA / VIA MARIANO DE MATOS,BUS,4.8,BUS
EPTC,Empresa Publica de Transportes e Circulação,253,253,RENASCENCA,BUS,4.8,BUS
EPTC,Empresa Publica de Transportes e Circulação,2541,2541,EMBRATEL - CANUDOS - CASCATINHA,BUS,4.8,BUS
EPTC,Empresa Publica de Transportes e Circulação,255,255,CALDRE FIAO,BUS,4.8,BUS
EPTC,Empresa Publica de Transportes e Circulação,256,256,INTENDENTE AZEVEDO,BUS,4.8,BUS
EPTC,Empresa Publica de Transportes e Circulação,2561,2561,NAZARETH,BUS,4.8,BUS
EPTC,Empresa Publica de Transportes e Circulação,260,260,BELEM VELHO / OSCAR PEREIRA,BUS,4.8,BUS
EPTC,Empresa Publica de Transportes e Circulação,262,262,JARDIM V. NOVA,BUS,4.8,BUS
EPTC,Empresa Publica de Transportes e Circulação,263,263,ORFANOTROFIO,BUS,4.8,BUS
EPTC,Empresa Publica de Transportes e Circulação,264,264,PRADO,BUS,4.8,BUS
EPTC,Empresa Publica de Transportes e Circulação,2671,2671,LAMI / VAREJAO(VIA EDGAR PIRES DE CASTRO),BUS,4.8,BUS
EPTC,Empresa Publica de Transportes e Circulação,268,268,BELEM NOVO(VIA CAVALHADA),BUS,4.8,BUS
EPTC,Empresa Publica de Transportes e Circulação,271,271,AMAPA,BUS,4.8,BUS
EPTC,Empresa Publica de Transportes e Circulação,272,272,MORADAS DA HIPICA,BUS,4.8,BUS
EPTC,Empresa Publica de Transportes e Circulação,273,273,BELEM NOVO / HIPICA,BUS,4.8,BUS
EPTC,Empresa Publica de Transportes e Circulação,274,274,GLORIA / AZENHA / CASCATINHA,BUS,4.8,BUS
EPTC,Empresa Publica de Transportes e Circulação,2741,2741,GLORIA / CASCATINHA / AZENHA,BUS,4.8,BUS
EPTC,Empresa Publica de Transportes e Circulação,280,280,OTTO / HPS,BUS,4.8,BUS
EPTC,Empresa Publica de Transportes e Circulação,2802,2802,OTTO / HPS / 3ª PERIMETRAL,BUS,4.8,BUS
EPTC,Empresa Publica de Transportes e Circulação,281,281,CAMPO NOVO,BUS,4.8,BUS
EPTC,Empresa Publica de Transportes e Circulação,2812,2812,CAMPO NOVO / GEDEON LEITE,BUS,4.8,BUS
EPTC,Empresa Publica de Transportes e Circulação,2821,2821,PEREIRA PASSOS,BUS,4.8,BUS
EPTC,Empresa Publica de Transportes e Circulação,283,283,IPANEMA  /  CAVALHADA,BUS,4.8,BUS
EPTC,Empresa Publica de Transportes e Circulação,2832,2832,IPANEMA / CAVALHADA / CIRINO PRUNES,BUS,4.8,BUS
EPTC,Empresa Publica de Transportes e Circulação,289,289,RINCAO / VIA OSCAR PEREIRA,BUS,4.8,BUS
EPTC,Empresa Publica de Transportes e Circulação,340,340,JARDIM BOTANICO,BUS,4.8,BUS
EPTC,Empresa Publica de Transportes e Circulação,3441,3441,SANTA MARIA / CLEMENTE PEREIRA,BUS,4.8,BUS
EPTC,Empresa Publica de Transportes e Circulação,3442,3442,SANTA MARIA / III PERIMETRAL,BUS,4.8,BUS
EPTC,Empresa Publica de Transportes e Circulação,346,346,SAO JOSE,BUS,4.8,BUS
EPTC,Empresa Publica de Transportes e Circulação,348,348,JARDIM BENTO GONCALVES,BUS,4.8,BUS
EPTC,Empresa Publica de Transportes e Circulação,375,375,AGRONOMIA / INFORMATICA,BUS,4.8,BUS
EPTC,Empresa Publica de Transportes e Circulação,394,394,M A P A,BUS,4.8,BUS
EPTC,Empresa Publica de Transportes e Circulação,395,395,QUINTA DO PORTAL / SALGADO FILHO,BUS,4.8,BUS
EPTC,Empresa Publica de Transportes e Circulação,3951,3951,QUINTA PORTAL / SALG. FILHO / PARADA 6,BUS,4.8,BUS
EPTC,Empresa Publica de Transportes e Circulação,397,397,BONSUCESSO,BUS,4.8,BUS
EPTC,Empresa Publica de Transportes e Circulação,3984,3984,PINHEIRO VIA VICOSA,BUS,4.8,BUS
EPTC,Empresa Publica de Transportes e Circulação,429,429,PROTASIO  /  IGUATEMI,BUS,4.8,BUS
EPTC,Empresa Publica de Transportes e Circulação,4291,4291,PROTASIO / IGUATEMI / CANANEIA,BUS,4.8,BUS
EPTC,Empresa Publica de Transportes e Circulação,441,441,ANTONIO DE CARVALHO,BUS,4.8,BUS
EPTC,Empresa Publica de Transportes e Circulação,491,491,PASSO DORNELES  /  VILA SAFIRA,BUS,4.8,BUS
EPTC,Empresa Publica de Transportes e Circulação,4924,4924,PETROPOLIS / SESC (MOB),BUS,4.8,BUS
EPTC,Empresa Publica de Transportes e Circulação,493,493,JARDIM YPU,BUS,4.8,BUS
EPTC,Empresa Publica de Transportes e Circulação,4932,4932,JARDIM YPU  /  NILO RUSCHEL,BUS,4.8,BUS
EPTC,Empresa Publica de Transportes e Circulação,494,494,RUBEM BERTA  /  PROTASIO,BUS,4.8,BUS
EPTC,Empresa Publica de Transportes e Circulação,495,495,MANOEL ELIAS  /  PROTASIO,BUS,4.8,BUS
EPTC,Empresa Publica de Transportes e Circulação,4952,4952,MANOEL ELIAS / PROTASIO VIA TEREZIO MEIRELES,BUS,4.8,BUS
EPTC,Empresa Publica de Transportes e Circulação,510,510,AUXILIADORA,BUS,4.8,BUS
EPTC,Empresa Publica de Transportes e Circulação,520,520,TRIANGULO / 24 DE OUTUBRO,BUS,4.8,BUS
EPTC,Empresa Publica de Transportes e Circulação,525,525,RIO BRANCO  /  ANITA  /  IGUATEMI,BUS,4.8,BUS
EPTC,Empresa Publica de Transportes e Circulação,605,605,JARDIM SAO PEDRO,BUS,4.8,BUS
EPTC,Empresa Publica de Transportes e Circulação,610,610,MINUANO,BUS,4.8,BUS
EPTC,Empresa Publica de Transportes e Circulação,611,611,LINDOIA,BUS,4.8,BUS
EPTC,Empresa Publica de Transportes e Circulação,613,613,ELISABETH,BUS,4.8,BUS
EPTC,Empresa Publica de Transportes e Circulação,617,617,IGUATEMI,BUS,4.8,BUS
EPTC,Empresa Publica de Transportes e Circulação,624,624,SAO BORJA,BUS,4.8,BUS
EPTC,Empresa Publica de Transportes e Circulação,632,632,NOSSA SENHORA DE FATIMA,BUS,4.8,BUS
EPTC,Empresa Publica de Transportes e Circulação,633,633,COSTA E SILVA,BUS,4.8,BUS
EPTC,Empresa Publica de Transportes e Circulação,637,637,CHACARA DAS PEDRAS,BUS,4.8,BUS
EPTC,Empresa Publica de Transportes e Circulação,650,650,AV.DO FORTE / ITU COINMA,BUS,4.8,BUS
EPTC,Empresa Publica de Transportes e Circulação,653,653,ITU COINMA / AV DO FORTE,BUS,4.8,BUS
EPTC,Empresa Publica de Transportes e Circulação,654,654,EDUCANDARIO PETROPOLIS,BUS,4.8,BUS
EPTC,Empresa Publica de Transportes e Circulação,659,659,INGA,BUS,4.8,BUS
EPTC,Empresa Publica de Transportes e Circulação,671,671,CARLOS GOMES  /  SALSO,BUS,4.8,BUS
EPTC,Empresa Publica de Transportes e Circulação,701,701,VILA FARRAPOS / VOLUNTARIOS,BUS,4.8,BUS
EPTC,Empresa Publica de Transportes e Circulação,703,703,VILA FARRAPOS,BUS,4.8,BUS
EPTC,Empresa Publica de Transportes e Circulação,715,715,SARANDI  /  SERTORIO,BUS,4.8,BUS
EPTC,Empresa Publica de Transportes e Circulação,731,731,PARQUE DOS MAIAS  /  SERTORIO,BUS,4.8,BUS
EPTC,Empresa Publica de Transportes e Circulação,762,762,RUBEM BERTA (SERTORIO),BUS,4.8,BUS
EPTC,Empresa Publica de Transportes e Circulação,815,815,SARANDI  /  CAIRU,BUS,4.8,BUS
EPTC,Empresa Publica de Transportes e Circulação,821,821,NOVA GLEBA - SANTA ROSA / CAIRU,BUS,4.8,BUS
EPTC,Empresa Publica de Transportes e Circulação,831,831,PARQUE DOS MAIAS  /  CAIRU,BUS,4.8,BUS
EPTC,Empresa Publica de Transportes e Circulação,861,861,LEOPOLDINA  /  CAIRU,BUS,4.8,BUS
EPTC,Empresa Publica de Transportes e Circulação,862,862,RUBEM BERTA (CAIRU),BUS,4.8,BUS
EPTC,Empresa Publica de Transportes e Circulação,B02,B02,LEOPOLDINA  /  AEROPORTO  /  INDUSTRIAS,BUS,4.8,BUS
EPTC,Empresa Publica de Transportes e Circulação,B51,B51,PARQUE  /  POSTAO IAPI / H CONCEICAO,BUS,4.8,BUS
EPTC,Empresa Publica de Transportes e Circulação,B511,B511,PARQUE / H CONCEICAO / POSTAO IAPI,BUS,4.8,BUS
EPTC,Empresa Publica de Transportes e Circulação,B56,B56,PASSO DAS PEDRAS  /  AEROPORTO,BUS,4.8,BUS
EPTC,Empresa Publica de Transportes e Circulação,C1,C1,CIRCULAR CENTRO,BUS,4.8,BUS
EPTC,Empresa Publica de Transportes e Circulação,C2,C2,CIRCULAR PRACA XV,BUS,4.8,BUS
EPTC,Empresa Publica de Transportes e Circulação,C3,C3,CIRCULAR URCA,BUS,4.8,BUS
EPTC,Empresa Publica de Transportes e Circulação,D67,D67,LAMI VIA BELEM NOVO / DIRETA,BUS,4.8,BUS
EPTC,Empresa Publica de Transportes e Circulação,D72,D72,DIRETAO / VIA STA. ROSA,BUS,4.8,BUS
EPTC,Empresa Publica de Transportes e Circulação,D73,D73,DIRETAO / VIA FERNANDO FERRARI,BUS,4.8,BUS
EPTC,Empresa Publica de Transportes e Circulação,R4,R4,RAPIDA  -  RESTINGA VELHA,BUS,4.8,BUS
EPTC,Empresa Publica de Transportes e Circulação,R41,R41,RAPIDA  -  PROTASIO,BUS,4.8,BUS
EPTC,Empresa Publica de Transportes e Circulação,R62,R62,RAPIDA RUBEM BERTA,BUS,4.8,BUS
EPTC,Empresa Publica de Transportes e Circulação,R67,R67,RAPIDA LAMI VIA BELEM NOVO,BUS,4.8,BUS
EPTC,Empresa Publica de Transportes e Circulação,T1,T1,TRANSVERSAL 1,BUS,4.8,BUS
EPTC,Empresa Publica de Transportes e Circulação,T11,T11,3ª PERIMETRAL,BUS,4.8,BUS
EPTC,Empresa Publica de Transportes e Circulação,T12,T12,RESTINGA / CAIRU,BUS,4.8,BUS
EPTC,Empresa Publica de Transportes e Circulação,T1D,T1D,T1 DIRETA,BUS,4.8,BUS
EPTC,Empresa Publica de Transportes e Circulação,T2,T2,TRANSVERSAL 2,BUS,4.8,BUS
EPTC,Empresa Publica de Transportes e Circulação,T2A1,T2A1,TRANSVERSAL 2 / A. J. RENNER,BUS,4.8,BUS
EPTC,Empresa Publica de Transportes e Circulação,T4,T4,TRANSVERSAL 4,BUS,4.8,BUS
EPTC,Empresa Publica de Transportes e Circulação,T6,T6,TRANSVERSAL 6,BUS,4.8,BUS
EPTC,Empresa Publica de Transportes e Circulação,T7,T7,NILO / PRAIA DE BELAS,BUS,4.8,BUS
EPTC,Empresa Publica de Transportes e Circulação,T8,T8,CAMPUS  /  FARRAPOS,BUS,4.8,BUS
EPTC,Empresa Publica de Transportes e Circulação,T9,T9,PUC,BUS,4.8,BUS
EPTC,Empresa Publica de Transportes e Circulação,TR60,TR60,TRONCAL TRI‘NGULO,BUS,4.8,BUS
EPTC,Empresa Publica de Transportes e Circulação,TR62,TR62,TRONCAL BALTAZAR,BUS,4.8,BUS
